corpus_id,entry_no,definition,present,present_1sg,imperfective,perfective,imperative,infinitive
4,8,it’s bouncing,atateka,katateka,atateko'i,utatinvhsv'i,hatatuka,utatinvti
5,9,he/she is limping,atateka,katateka,atateko'i,utatehsv'i,hatatuka,utatinvti
6,10,he/she is bouncing it,atatinvtiha,katatinvtiha,atatinvtihsko'i,utatinvthanv'i,hatatinvta,utatinvtohti
7,11,he/she is putting on a belt,atatlohiha,katatlohiha,atatlohiho'i,utatlolhv'i,hatatloka,utatlohsti
10,14,he/she is praying,atatolihstiha,katatolihstiha,atatolihstihsko'i,utatolihsthanv'i,hatatolihsta,utatolihstohti
16,20,he/she is fanning himself/herself,atanhoyeha,katanoyeha,atanhoyehsko'i,utanhoyehv'i,hatanhoyvla,utanhoyehti
18,22,he/she is visiting,atawhahthvhitoha,katawahthvhitoha,atawhahthvhitoho'i,utawhahthvhitolv'i,hatawhahthvhita,utawhahthvhitahsti
19,23,he/she is stretching,atayhahstiha,katayahstiha,atayhahstihsko'i,utayhahsthanv'i,hatayhahsta,utayhahstohti
21,25,he/she is denying him/her,atayhiha,tsiyata'yiha,atayhiho'i,utayhilv'i,hiyatayika,utayhsti
22,26,he/she is committing adultery,atayhoneha,katayoneha,atayhoneho'i,utayhonelv'i,hatayhonvla,utayhonehti
25,29,it’s ripping,atatsakaliha,katatsakali'a,atatsakalihsko'i,utatsakalvhv'i,hatatsakala,utatsakalhti
27,31,he/she is looking at himself/herself in a mirror,atakheha,katakheha,atakhehsko'i,utakhehv'i,hatakhvla,utakhehti
29,33,it’s beginning,ataleniha,,atalenihsko'i,utalenvhv'i,,utalenhti
30,34,he/she is shopping,atananehsvhvhska,katananehsvhvhska,atananehsvhvhsko'i,utananehsvnhv'i,hatananehsvhvka,utananehsvhvhsti
32,36,he/she is taking off running,atanawhstiha,katanawhstiha,atanawhstihsko'i,utanawhsthanv'i,hatanawhsta,utanawhstohti
33,37,he/she is changing,atanetliyv'a,katanetliyv'a,atanetliyvhsko'i,utanetliyvhsv'i,hatanetliyvna,utanetliyvhsti
34,38,he/she is taking turns with him/her,atanetliyvhstiha,katanetliyvhstiha,atanetliyvhstihsko'i,utanetliyvhsthanv'i,hatanetliyvhsta,utanetliyvhstohti
39,43,he/she is thinking,atanhtheha,katanvtheha,atanhthehsko'i,utanhthelhv'i,hatanhthvla,utanhthehti
41,45,he/she is pondering,atanhthehilo'a,katanvthehilo'a,atanhthehilohsko'i,utanhthehilo'v'i,hatanhthehilotsa,utanhthehilohsti
42,46,he/she is making noise,atanoyhvlhihstiha,katanoyvlihstiha,atanoyhvlhihstihsko'i,utanoyhvlhihsthanv'i,hatanoyhvlhihsta,utanoyhvlhihstohti
43,47,he/she is crawling,atanhsini,katanahsini,atanhsineko'i,utanhsinvhsv'i,hatanhsinuka,utanhsinvhsti
44,48,it’s twisting,atanutheyoha,katanutheyoha,atanutheyoho'i,utanutheyolv'i,hatanutheyaka,utanutheyoti
45,49,he/she is moving from one place to another,atanv'a,kata'nv'a,ata'nvhsko'i,uta'nvhsv'i,hata'nvna,uta'nvhsti
46,50,he/she is ordering it,atanvhska,katanvhska,atanvhsko'i,utanvhsv'i,hatanvla,utanvhsti
48,52,he/she is cooking a meal,atahstayvhvhska,katahstayvhvhska,atahstayvhvhsko'i,utahstayvnhv'i,hatahstayvhvka,utahstayhti
51,55,it’s burning (refers to flames),atawelaki'a,katawelaki'a,atawelakihsko'i,utawelakv'i,hatawelaka,utawelakihsti
54,58,he/she is resting,atawehsolvhstiha,katawehsolvhstiha,atawehsolvhstihsko'i,utawehsolvhsthanv'i,hatawehsolvhsta,utawehsolvhstohti
56,60,he/she is bathing,atawo'a,katawo'a,atawohsko'i,utawo'v'i,hatawotsa,utawohsti
59,63,he/she is giving him/her it (refers to a long object),ateha,tsiteha,ateho'i,utelv'i,hitihsi,utehti
60,64,he/she is learning,atelhohkwa'a,katelohkwa'a,atelhohkwahsko'i,utelhohkwa'v'i,hatelhohkwa,utelhohkwahsti
61,65,he/she is embarrassing him/her,atehohihstiha,tsiyate'ohihstiha,atehohihstihsko'i,utehohihsthanv'i,hiyate'ohihsta,utehohihstohti
62,66,he/she is embarrassed,atehohska,kate'ohska,atehohsko'i,utehohsv'i,hatehohi,utehohihsti
63,67,he/she is being born,atehvhska,kate'vhska,atehvhsko'i,utenhv'i,hatehvka,utehti
67,71,he/she is finding it out,atelohohska,katelo'ohska,atelohohsko'i,utelohohsv'i,hatelohohi,utelohohihsti
69,73,he/she is diving,atethvhska,katetvhska,atethvhsko'i,utethinv'i,hatethvka,utethti
70,74,he/she is going around a curve,ateyoha,kateyoha,ateyoho'i,uteyolv'i,hateyaka,uteyhsti
72,76,he/she is laying it down (refers to a long object),ati'a,tsiti'a,atihsko'i,utv'i,hita,utihsti
73,77,he/she is rising (from a prone position),atitiha,katiti'a,atitihsko'i,utitvhv'i,hatita,utithti
74,78,he/she is scattering it,atikaleya'a,katikaleya'a,atikaleyahsko'i,utikaleyv'i,hatikaleya,utikaleyahsti
75,79,it’s scattering,atikaleyoka,,atikaleyoko'i,utikaleyotsv'i,,utikaleyoyhsti
76,80,he/she is spinning,atikwalvteyoha,katikwalvteyoha,atikwalvteyoho'i,utikwalvteyolv'i,hatikwalvteyaka,utikwalvteyhsti
77,81,he/she is saying it,atiha,kati'a,atihsko'i,utvnhv'i,hata,uthti
78,82,he/she is running over him/her,atinvtiha,tsiyatinvtiha,atinvtihsko'i,utinvthanv'i,hiyatinvta,utinvtohti
79,83,he/she is hiding,atihskalhvhska,katihskalhvhska,atihskalhvhsko'i,utihskalhanv'i,hatihskalhvka,utihskalhti
80,84,he/she is leaving it behind (refers to a long object),atihsiya'a,tsitihsiya'a,atihsiyahsko'i,utihsiyv'i,hitihsiya,utihsiyahsti
82,86,he/she is drinking it,atithahska,katithahska,atithahsko'i,utithahv'i,hatitha,utithahsti
85,89,he/she is scratching,atlakohska,katlakohska,atlakohsko'i,utlakohsv'i,hatlakola,utlakohsti
87,91,he/she is turning off the road,atle'a,katle'a,atlehsko'i,utlehsv'i,hatlaki,utlehsti
88,92,he/she is taking revenge against him/her,atletsheha,tsiyatletsheha,atletsheho'i,utletshelv'i,hiyatletshihsi,utletshehti
92,96,he/she is pouring liquid into a container,atli'a,tsitli'a,atlihsko'i,utlv'i,hitlika,utlihsti
94,98,it’s pouring into a container (refers to liquid),atlika,,atliko'i,utlitsv'i,,utliyhsti
95,99,he/she is drawing a liquid out of a container,atliha,tsitli'a,atlihsko'i,utlvhv'i,hitla,utlvhti
96,100,he/she is pouring a liquid into a container,atlihstiha,tsitlihstiha,atlihstihsko'i,utlihsthanv'i,hitlihsta,utlihstohti
98,102,he/she is crying,atloyhiha,katloyiha,atloyhiho'i,utloyhilv'i,hatloyhka,utloyhsti
99,103,he/she is getting off,atloyhska,katloyhska,atloyhsko'i,utloyhsv'i,hatlohi,utlohihsti
100,104,he/she is bragging,atlvkwhska,katlvkwahska,atlvkwhsko'i,utlvkwhsv'i,hatlvkwha,utlvkwhihsti
101,105,he/she is catching up with him/her,atlvthahska,tsiyatlvthahska,atlvthahsko'i,utlvthahv'i,hiyatlvtha,utlvthahsti
106,110,he/she is doing it,atvneha,katvneha,atvneho'i,utvnelv'i,hatvka,utvnhti
107,111,he/she is acting silly,atvneliha,katvneliha,atvnelihsko'i,utvnelvnhv'i,hatvnela,utvnelhti
109,113,he/she is preparing it,atvnv'ihstiha,katvnv'ihstiha,atvnv'ihstihsko'i,utvnv'ihsthanv'i,hatvnv'ihsta,utvnv'ihstohti
112,116,it is shining (refers to sun or moon),akaliha,,akalihsko'i,ukalihsv'i,,ukalihihsti
113,117,he/she is breaking it (refers to a flexible object),akalhska,tsikalhska,akalhsko'i,ukalhsv'i,hika'la,ukalhsti
115,119,he/she is licking it,akanati'a,tsikanati'a,akanatihsko'i,ukanatv'i,hikanata,ukanatihsti
117,121,he/she is warming it,akanawhtiha,tsikanawotiha,akanawhtihsko'i,ukanawhthanv'i,hikanawhta,ukanawhtohti
118,122,it’s getting warm,akanawohska,,akanawohsko'i,ukanawohsv'i,,ukanawohihsti
119,123,it’s raining,akahska,,akahsko'i,ukanhanv'i,,ukanhti
127,132,he/she is eating it (refers to a single solid food),aki'a,tsiki'a,akihsko'i,ukv'i,hika,ukihsti
128,133,he/she is picking it up,aki'a,tsiki'a,akihsko'i,ukihsv'i,hiki,ukihsti
130,135,he/she is in agony,akilhiyoka,tsikiliyoka,akilhiyoko'i,ukilhiyotsv'i,hikilhiyoki,ukilhiyohsti
133,138,he/she is chewing it,akihsto'a,tsikihsto'a,akihstohsko'i,ukihsto'v'i,hikihstotsa,ukihstohsti
135,140,he/she is burning him/her,akohvhstiha,tsiyakohvhstiha,akohvhstihsko'i,ukohvhsthanv'i,hiyakohvhsta,ukohvhstohti
136,141,it’s burning,akohvhska,kakohvhska,akohvhsko'i,ukonhv'i,hakonha,ukohvhsti
138,143,he/she is reading,akoliye'a,tsikoliye'a,akoliyehsko'i,ukoliye'v'i,hikoliya,ukoliyeti
140,145,he/she is target practicing,akoniha,kakoniha,akonihsko'i,ukonvhv'i,hakona,ukonhti
143,148,he/she sees him/her,akowhthiha,tsikowhthiha,akowhthihsko'i,ukohv'i,hikowahtha,ukowhthvhti
145,150,he/she is showing it to him/her,akowhthvhtiha,tsikowhthvhtiha,akowhthvhtihsko'i,ukowhthvhthanv'i,hikowhthvhta,ukowhthvhtohti
148,153,he/she is cutting it,akvhaliha,tsikv'aliha,akvhalihsko'i,ukvhalvhv'i,hikvhala,ukvhalhti
149,154,he/she is chopping it up,akvhaluyhska,tsikv'aluyhska,akvhaluyhsko'i,ukvhaluyhv'i,hikvhaluyha,ukvhaluyhsti
152,157,he/she is scolding him/her,akvhskolvhska,tsikvhskolvhska,akvhskolvhsko'i,ukvhskolvnv'i,hikvhskolv'vka,ukvhskolvti
153,158,he/she is washing his face,akvhskwo'a,kakvhskwo'a,akvhskwohsko'i,ukvhskwo'v'i,hakvhskwotsa,ukvhskwohsti
155,161,he/she is diverting him/her,ahaluki'a,tsi'aluki'a,ahalukihsko'i,uhalukihsv'i,hi'aluki,uhalukihsti
158,164,he/she is smothering him/her,ahawohstiha,tsi'awohstiha,ahawohstihsko'i,uhawohsthanv'i,hi'awohsta,uhawohstohti
160,166,he/she is handling it,ahitoha,tsi'itoha,ahitoho'i,uhitolv'i,hihita,uhitahsti
161,167,he/she is killing him/her,ahiha,tsi'iha,ahiho'i,ulhv'i,hiluka,uhihsti
162,168,he/she has possession of a vehicle,ahi'leha,tsi'ileha,ahi'leho'i,,,uhi'lvhsti
163,169,he/she is driving it (refers to a vehicle in motion or animal),ahi'li,tsi'ili,ahi'lihso'i,uhi'lvhsv'i,,uhi'lvhsti
165,171,he/she is leaving it behind,ahiya'a,tsi'iya'a,ahiyahsko'i,uhiyv'i,hihiya,uhiyahsti
166,172,he/she is placing it on something,alhahvhska,tsilhahvhska,alhahvhsko'i,ulhanhv'i,hilhahvka,ulhohti
167,173,he/she is taking off flying,alhawitiha,katlawitiha,alhawitihsko'i,ulhawitvhv'i,halhawita,ulhawithti
169,175,he/she is making him/her fly,alhawithtiha,tsiyatlawithtiha,alhawithtihsko'i,ulhawithtanv'i,hiyatlawithta,ulhawithtohti
171,177,he/she is having a nightmare,alhiki'a,katliki'a,alhikihsko'i,ulhikihsv'i,halhiki,ulhikihsti
172,178,it’s taking time,alhi'ilitoha,,alhi'ilitoho'i,ulhi'ilitolv'i,,ulhi'ilitahsti
173,179,he/she is measuring it,alhilo'a,katlilo'a,alhilohsko'i,ulhilo'v'i,halhilotsa,ulhilohsti
175,181,it’s bending,alhiyvhkwitvhska,,alhiyvhkwitvhsko'i,ulhiyvhkwitvnv'i,,ulhiyvhkwitvti
176,182,he/she is snorting,alhiyvhsanawhstiha,kaliyvhsanawhstiha,alhiyvhsanawhstihsko'i,ulhiyvhsanawhsthanv'i,halhiyvhsanawhsta,ulhiyvhsanawhstohti
177,183,he/she is preaching,alhtsatohvhska,kalitsatohvhska,alhtsatohvhsko'i,ulhtsatonhv'i,halhtsatohvka,ulhtsathti
179,185,it’s shattering,alhkhotvhska,,alhkhotvhsko'i,ulhkhotvnhv'i,,
180,186,he/she is shattering it,alhkhothtiha,kalikhothtiha,alhkhothtihsko'i,ulhkhoththanv'i,halhkhothta,ulhkhothtohti
182,188,he/she is beating him/her at a game,alhohska,tsilhohska,alhohsko'i,ulhohsv'i,hilhohi,ulhohihsti
183,189,he/she is combing his/her hair,alhthawo'a,kalithawo'a,alhthawohsko'i,ulhthawo'v'i,halhthawotsa,ulhthawohsti
185,191,he/she is moving (without changing location),alhthelvhvhska,kalithelvhvhska,alhthelvhvhsko'i,ulhthelvnhv'i,halhthelvhvka,ulhthelhti
186,192,he/she is changing his/her shirt,anhawa'iyv'a,kaniwa'iyv'a,anhawa'iyvhsko'i,unhawa'iyvhsv'i,hanhawa'iyvna,unhawa'iyvhsti
187,193,he/she is taking his/her shirt off,anhawe'a,kaniwe'a,anhawehsko'i,unhawehsv'i,hanhawaki,unhawehsti
189,195,he/she is putting on a shirt,anhawo'a,kaniwo'a,anhawohsko'i,unhawo'v'i,hanhawotsa,unhawohsti
190,196,he/she is giving it to him/her,anheha,tsineha,anheho'i,unhelv'i,hi'vhsi,unhehti
191,197,he/she is wrestling,anhehiha,kanhehiha,anhehiho'i,unhelhv'i,hanheka,unhehsti
192,198,he/she is interpreting it,anhelhtiha,kanelhtiha,anhelhtihsko'i,unhelhthanv'i,hanhelhta,unhelhtohti
194,200,he/she is frolicking,anhetsohska,kanetsohska,anhetsohsko'i,unhetsonv'i,hanhetso'vka,unhetsoti
195,201,he/she is building a house,anhehskeha,kanehskeha,anhehskehsko'i,unhehskehv'i,hanhehskvla,unhehskehti
196,202,he/she is leaving,anhiki'a,kaniki'a,anhikihsko'i,unhikihsv'i,hanhiki,unhikihsti
197,203,he/she is starting it,anhikihstiha,kanikihstiha,anhikihstihsko'i,unhikihsthanv'i,hanhikihsta,unhikihstohti
198,204,he/she is carrying it on his/her shoulder (refers to a long object),anholhineka,kanolhineka,anholhineko'i,unholhinvhsv'i,hanholhinuka,unholhinvhsti
200,206,he/she is putting it in liquid (refers to a long object),ahuti'a,tsi'uti'a,ahutihsko'i,uhutv'i,hihuta,uhutihsti
204,210,he/she is hitting him/her on the mouth,ahulvniha,tsi'ulvniha,ahulvniho'i,uhulvnilv'i,hi'ulvnika,uhulvnihsti
205,211,he/she is moving it from one place to another,ahv'a,tsi'v'a,ahvhsko'i,uhvhsv'i,hihvna,uhvhsti
206,212,he/she is setting it down,ahvhska,tsi'vhska,ahvhsko'i,unhv'i,hihvka,uhti
207,213,he/she is finding him/her,awhahthiha,tsiwahthiha,awhahthihsko'i,uwhahthvhv'i,hiwahtha,uwhahthvhti
208,214,he/she is visiting him/her,awhahthvhitoha,tsiwahthvhitoha,awhahthvhitoho'i,uwhahthvhitolv'i,hiwahthvhita,uwhahthvhitahsti
209,215,he/she is taking it somewhere,awhitiha,tsiwitiha,awhitihsko'i,uwhitvhv'i,hiwhita,uwithti
210,216,he/she is planting it,awhihska,tsiwihska,awhihsko'i,uwhihsv'i,hiwhi,uwhihsti
212,218,he/she is peeling it,ayhahkhetska,tsiyahkhetska,ayhahkhetsko'i,uyhahkhetsv'i,hiyhahkhetsa,uyhahkhetsti
214,220,it’s becoming frosty (refers to the ground),ayhahthvhvhska,,ayhahthvhvhsko'i,uyhahthvnhv'i,,uyhahthvthti
215,221,he/she is calling him/her,ayhaniha,tsiyaniha,ayhanihsko'i,uyhanvhv'i,hiyana,uyhanhti
216,222,he/she is taking it somewhere by hand,ayheka,tsiyeka,ayheko'i,uyhvhsv'i,hiyhuka,uyhvhsti
217,223,he/she is holding it in his/her hand,ayheha,tsiyeha,ayheho'i,ayhehv'i,,
218,224,he/she is quilting it,ayhehkalhvhska,tsiyehkalhvhska,ayhehkalhvhsko'i,uyhehkalhanv'i,hiyhehkalhvka,uyhehkalhti
219,225,he/she is making an incision,ayhelhoha,tsiyelhoha,ayhelhoho'i,uyhelhalv'i,hiyelaka,uyhelhsti
220,226,he/she is imitating him/her,ayheli'a,tsiyeli'a,ayhelihsko'i,uyhelihsv'i,hiyela,uyhelihsti
222,228,he/she is looking for him/her,ayhoha,tsiyoha,ayhoho'i,uyhalv'i,hiyhka,uyhsti
223,229,he/she is swimming (refers to propelling oneself through the water),ayhu'ineka,kayu'ineka,ayhu'ineko'i,uyhu'invhsv'i,hayhu'inuka,uyhu'invhsti
224,230,it’s thundering,ayhvtakwalo'a,,ayhvtakwalohsko'i,uyhvtakwalo'v'i,,uyhvtakwalohsti
228,234,he/she is bending it,ayhvhkwitvhska,tsiyvhkwitvhska,ayhvhkwitvhsko'i,uyhvhkwitvnv'i,hiyhvhkwitv'vka,uyhvhkwitvti
230,236,he/she is kicking him/her,ayhvhthe'a,tsiyayvhthe'a,ayhvhthehsko'i,uyhvhthehsv'i,hiyayhthaki,uyhvhthehsti
232,238,he/she is capturing him/her,ayhvkhiti'a,tsiyvkhiti'a,ayhvkhitihsko'i,uyhvkhitv'i,hiyvkhita,uyhvkhitihsti
233,239,he/she is hitting him/her on the nose,ayhvhsteluhvhska,tsiyvhsteluhvhska,ayhvhsteluhvhsko'i,uyhvhstelunhv'i,hiyvhsteluhvka,uyhvhsteluhti
234,240,he/she is choking him/her,ayhvhskiyiha,tsiyvhskiyiha,ayhvhskiyihsko'i,uyhvhskiyvhv'i,hiyvhskiya,uyhvhskiyhti
235,241,he/she is walking,a'i,ka'i,a'ihso'i,a'ihsv'i,,
238,244,it’s hatching,atsa'i'a,katsa'i'a,atsa'ihsko'i,utsa'ihsv'i,hatsa'i,utsa'ihsti
239,245,he/she is dressing up,atsanvhska,katsanvhska,atsanvhsko'i,utsanvnhv'i,hatsanvna,utsanvhti
240,246,he/she is getting in (in a car‚ box‚ etc),atsa'vhska,katsa'vhska,atsa'vhsko'i,utsanv'i,hatsa'vka,utsoti
242,248,he/she is acting like him/her,atselvhska,katselvhska,atselvhsko'i,utselvnhv'i,hatselvna,utselhti
244,250,he/she is spilling it (refers to a liquid or non-liquid like salt‚ sugar),atsewi'a,katsewi'a,atsewihsko'i,utsewv'i,hatsewa,utsewahsti
250,256,it’s blooming,atsilvhska,,atsilvhsko'i,utsilvnhv'i,,utsilhti
253,259,he/she is lighting a fire,atsihslhvhska,tsitsihslhvhska,atsihslhvhsko'i,utsihslhanv'i,hitsihslhvka,utsihslhvhsti
254,260,he/she is blowing,atsothahska,katsothahska,atsothahsko'i,utsothahv'i,hatsotha,utsothahsti
255,261,he/she is turning on a light,atsvhsthvhska,tsitsvhsthvhska,atsvhsthvhsko'i,utsvhsthanv'i,hitsvhsthvka,utsvhsthvhsti
259,266,he/she is chasing him/her,akheheka,tsikheheka,akheheko'i,ukhehvhsv'i,hikhehuka,ukhehvhsti
261,268,he/she is riding it (refers to anything that can be straddled),akhilvtiha,tsiyakhilvtiha,akhilvtihsko'i,ukhilvthanv'i,hiyakhilvta,ukhilvtohti
263,270,he/she is swallowing it,akhihska,tsi'kihska,akhihsko'i,ukhihsv'i,hikhihi,ukhihihsti
266,273,he/she is shovelling it,akhote'a,tsikhote'a,akhotehsko'i,ukhotehsv'i,hikhotaki,ukhotehsti
270,277,he/she is going down-hill,akhsohska,tsikahsohska,akhsohsko'i,ukhsohsv'i,hikhsohi,ukhsohihsti
273,280,he/she knows how,akhthaha,tsikathaha,akhthaho'i,,,
276,283,he/she is turning back,akhthahv'a,kakathahv'a,akhthahvhsko'i,ukhthahvhsv'i,hakhthahvna,ukhthahvhsti
277,284,he/she is winking,akhthahstiha,kakathahstiha,akhthahstihsko'i,ukhthahsthanv'i,hakhthahsta,ukhthahstohti
278,285,he/she is hitting him/her on the eye,akhtheluhvhska,tsikatheluhvhska,akhtheluhvhsko'i,ukhthelunhv'i,hikatheluhvka,ukhtheluhti
280,287,he/she is looking around,akhthenoha,tsikathenoha,akhthenoho'i,ukhthenolv'i,hikhthenaka,ukhthenahsti
281,288,he/she is peeking through,akhthiha,kakathiha,akhthihsko'i,ukhthanhv'i,hakhtha,ukhthohti
283,290,he/she is waiting for him/her,akhthiya,tsikathiya,akhthiyo'i,ukhthitv'i,hikathita,ukhthitihsti
286,293,he/she is becoming wise,akhthohvhska,tsikathohvhska,akhthohvhsko'i,ukhthohvhsv'i,hikhtho'vhi,ukhtho'vhihsti
288,295,he/she is looking at him/her,akhthohsti,tsiyakathohsti,akhthohstihsko'i,ukhthohsthanv'i,hiyakathohsta,ukhthohstohti
290,297,he/she is going through it,akhthvlehska,tsikathvlehska,akhthvlehsko'i,ukhthvlehsv'i,hikhthvlehi,ukhthvlehihsti
291,298,he/she is dipping liquid,akhuki'a,tsi'kuki'a,akhukihsko'i,ukhukihsv'i,hikhuki,ukhukihsti
293,300,he/she is paying it,akwhiyiha,kakwiyiha,akwhiyihsko'i,ukwhiyvhv'i,hakwhiya,ukwhiyhti
294,301,he/she is paying him/her,akwhiyv'eha,tsiyakwiyv'eha,akwhiyv'eho'i,ukwhiyv'elv'i,hiyakwiyvhsi,ukwhiyv'ehti
296,303,he/she is tromping on him/her,alahsta'eha,tsiyalahsta'eha,alahsta'ehsko'i,ulahsta'elhv'i,hiyalahsta'vla,ulahsta'ehti
297,304,he/she is stepping on him/her,alahstvhska,tsiyalahstvhska,alahstvhsko'i,ulahstvnv'i,hiyalahstv'vka,ulahstvti
298,305,he/she is playing ball,alahskaliha,kalahskaliha,alahskalihsko'i,ulahskalvhv'i,halahskala,ulahskalhti
300,307,he/she is taking a step,alahskv'a,kalahskv'a,alahskvhsko'i,ulahskvhsv'i,halahskvna,ulahskvhsti
305,312,he/she is placing it in an upright position (refers to a long object),alehtiha,kaletiha,alehtihsko'i,ulehthanv'i,halehta,ulehtohti
306,313,he/she is standing in a certain spot,alehvhska,kale'vhska,alehvhsko'i,ulenhv'i,halehvka,ulehti
307,314,he/she is stopping,alewhihstiha,kalewihstiha,alewhihstihsko'i,ulewhihsthanv'i,halewhihsta,ulewhihstohti
308,315,he/she is stopping him/her,alewhihstohtiha,tsiyalewihstohtiha,alewhihstohtihsko'i,ulewhihstohthanv'i,hiyalewihstohta,ulewhihstohtohti
309,316,he/she is starting,aleniha,kaleni'a,alenihsko'i,ulenvhv'i,halena,ulenhti
311,318,it’s boiling,alitliha,,alitlihsko'i,ulitlvhv'i,,ulilhti
314,321,he/she is thanking him/her,alihelitsheha,tsiyali'elitsheha,alihelitsheho'i,ulihelitshelv'i,hiyali'elitshihsi,ulihelitshehti
315,322,he/she is happy,alihelika,kali'elika,aliheliko'i,ulihelitsv'i,haliheliki,ulihelihsti
317,324,he/she is exchanging it,ali'iti'a,kali'iti'a,ali'itihsko'i,uli'itv'i,hali'ita,uli'itihsti
318,325,he/she is running away,alithi'a,kalithi'a,alithihsko'i,ulithihsv'i,halithi,ulithihsti
320,327,he/she is taking his/her ring off,aliyehsuhsthki'a,kaliyehsuhsthki'a,aliyehsuhsthkihsko'i,uliyehsuhsthkihsv'i,haliyehsuhsthki,uliyehsuhsthkihsti
322,329,he/she is putting a ring on his/her finger,aliyehsuhsthvhska,kaliyehsuhsthvhska,aliyehsuhsthvhsko'i,uliyehsuhsthanv'i,haliyehsuhsthvka,uliyehsuhsthvhsti
324,331,he/she is spitting,altsikwhska,kaltsikwhska,altsikwhsko'i,ultsikwhv'i,haltsikwha,ultsikwhsti
325,332,he/she is ascending,alhsalati'a,kalihsalati'a,alhsalatihsko'i,ulhsalatanv'i,halhsalatvka,ulhsalatoti
327,334,he/she is eating a meal,alhstayvhvhska,kalihstayvhvhska,alhstayvhvhsko'i,ulhstayvnhv'i,halhstayvhvka,ulhstayhti
329,336,he/she is helping,alhsteliha,kalihsteliha,alhstelihsko'i,ulhstelvhv'i,halhstela,ulhstelhti
330,337,he/she is taking off his/her cap,alhstule'a,kalihstule'a,alhstulehsko'i,ulhstulehsv'i,halhstulaki,ulhstulehsti
331,338,he/she is washing his/her hair,alhstuleha,kalihstuleha,alhstulehsko'i,ulhstulehv'i,halhstula,ulhstulhti
332,339,he/she is putting on a cap,alhstuli'a,kalihstuli'a,alhstulihsko'i,ulhstulanv'i,halhstulvka,ulhstuloti
334,341,he/she is taking a seat,alhstvlhuhska,kalihstvlhuhska,alhstvlhuhsko'i,ulhstvlhunv'i,halhstvlhuka,ulhstvlhuhsti
335,342,he/she is shaking his/her head,alhstvnhiha,kalihstvnhiha,alhstvnhiho'i,ulhstvnhilv'i,halhstvnhka,ulhstvnhti
336,343,he/she is dancing,alhski'a,kalihski'a,alhskihsko'i,ulhskihsv'i,halhski,ulhskihsti
337,344,he/she is permitting him/her,alhskolhtaneha,tsiyalihskolhtaneha,alhskolhtaneho'i,ulhskolhtanelv'i,hiyalihskolhtahsi,ulhskolhtanehti
338,345,he/she is nodding his/her head,alhskuhska,kalihskuhska,alhskuhsko'i,ulhskuyhv'i,halhskuyha,ulhskuhsti
339,346,it’s ending,alhskwati'a,,alhskwatihsko'i,ulhskwatv'i,,ulhskwatihsti
340,347,he/she is sticking his/her head out,alhskwaluti'a,kalihskwaluti'a,alhskwalutihsko'i,ulhskwalutanv'i,halhskwalutvka,ulhskwalutoti
341,348,he/she is taking his/her hat off,alhskwethuhki'a,kalihskwethuhki'a,alhskwethuhkihsko'i,ulhskwethuhkihsv'i,halhskwethuhki,ulhskwethuhkihsti
342,349,he/she is putting his/her hat on,alhskwethuhvhska,kalihskwethuhvhska,alhskwethuhvhsko'i,ulhskwethunhv'i,halhskwethuhvka,ulhskwethuhsti
344,351,he/she is setting a goal,alhsohstiha,kalihsohstiha,alhsohstihsko'i,ulhsohsthanv'i,halhsohsta,ulhsohstohti
345,352,he/she is smelling it (refers to sniffing),alhsvhstiha,kalihsvhstiha,alhsvhstihsko'i,ulhsvhsthanv'i,halhsvhsta,ulhsvhstohti
355,362,they are gathering,anatalhihsiha,otsatalhihsiha,anatalhihsihsko'i,unatalhihsanhv'i,itsatalhihsa,unatalhihsohti
356,363,it’s lightning,anakaliha,,anakalihsko'i,unakalvhv'i,,
359,366,they are getting together,analikohvhska,otsalikohvhska,analikohvhsko'i,unalikonhv'i,itsalikohvka,unalikhti
361,368,he/she is attempting it,anelhtiha,kanelhtiha,anelhtihsko'i,unelhthanv'i,hanelhta,unelhtohti
362,369,he is getting married,anelati'a,kanelati'a,anelatihsko'i,unelatv'i,hanelata,unelatihsti
363,370,he/she is remembering him/her,anhtati'a,tsiyanvtati'a,anhtatihsko'i,unhtatv'i,hiyanvtata,unhtatihsti
365,372,they are standing (refers to a congregation),anitona'a,otsitona'a,anitona'o'i,anitona'v'i,,
366,373,they are asleep (refers to more than two),anilhina,otsilhina,anilhino'i,,,
367,374,they are sitting (refers to a congregation),ani'na,otsi'na,ani'no'i,ani'nv'i,,
373,380,he/she is setting a trap,ahsatvhska,tsihsatvhska,ahsatvhsko'i,uhsatvnv'i,hihsatv'vka,uhsatvti
374,381,he/she is lifting him/her,ahsalati'a,tsihsalati'a,ahsalatihsko'i,uhsalatanv'i,hihsalatvka,uhsalatoti
377,384,he/she is making it crisp,ahstakayhtiha,tsihstakayhtiha,ahstakayhtihsko'i,uhstakayhthanv'i,hihstakayhta,uhstakayhtohti
378,385,it’s becoming crisp,ahstakayvhiha,,ahstakayvhiho'i,uhstakayvlhv'i,,
380,387,he/she is drawing a line,ahstanvnhvhska,tsihstanvnhvhska,ahstanvnhvhsko'i,uhstanvnhanv'i,hihstanvnhvka,uhstanvnhti
381,388,he/she is following him/her,ahstawateka,tsihstawateka,ahstawateko'i,uhstawatvhsv'i,hihstawatuka,uhstawatvhsti
382,389,he/she is helping him/her,ahsteliha,tsihsteliha,ahstelihsko'i,uhstelvhv'i,hihstela,uhstelhti
383,390,he/she is braiding it,ahsteyoha,tsihsteyoha,ahsteyoho'i,uhsteyolv'i,hihsteyaka,uhsteyoti
384,391,he/she is eating it (refers to a long object),ahstiki'a,tsihstiki'a,ahstikihsko'i,uhstikv'i,hihstika,uhstikihsti
386,393,he/she is crushing it,ahsto'a,tsihsto'a,ahstohsko'i,uhsto'v'i,hihstotsa,uhstohsti
388,395,he/she is trimming it (refers to hair‚ grass‚ hedge; but not paper‚ cloth),ahstoyeha,tsihstoyeha,ahstoyehsko'i,uhstoyehv'i,hihstoya,uhstoyhti
389,396,he/she is closing it,ahstuhvhska,tsihstuhvhska,ahstuhvhsko'i,uhstunhv'i,hihstuhvka,uhstuti
390,397,he/she is opening it,ahstu'i'a,tsihstu'i'a,ahstu'ihsko'i,uhstu'ihsv'i,hihstu'i,uhstu'ihsti
392,399,he/she is sandwiching it,ahstvhalhvhska,tsihstvhalhvhska,ahstvhalhvhsko'i,uhstvhalhanv'i,hihstvhalhvka,uhstvhalhti
395,402,he/she is showing him/her,ahseheha,tsiyahseheha,ahseheho'i,uhsehelv'i,hiyahsehihsi,uhshehti
397,404,he/she is including him/her (refers to in counting),ahsehstiha,tsiyahsehstiha,ahsehstihsko'i,uhsehsthanv'i,hiyahsehsta,uhsehstohti
398,405,he/she is withdrawing (refers to a motion),ahsehsiha,kahsehsiha,ahsehsihsko'i,uhsehsvhv'i,hahsehsa,uhsehsvhti
400,407,he/she is reprimanding him/her,ahskaka,tsihskaka,ahskako'i,uhskatsv'i,hihskaki,uhskayhsti
401,408,he/she is afraid,ahskaha,tsihskaha,ahskaho'i,uhskalv'i,hihskaya,uhskahsti
402,409,he/she is biting him/her,ahskalhka,tsihskalhka,ahskalhko'i,uhskalhtsv'i,hihskala,uhskalhsti
405,412,he/she is committing a crime,ahskanvka,tsihskanvka,ahskanvko'i,uhskanvtsv'i,hihskanvki,uhskanvyhsti
410,417,he/she is dreaming about him/her,ahskitska,tsiyahskitska,ahskitsko'i,uhskitsv'i,hiyahskitsa,uhskitsti
411,418,he/she is gnawing it,ahskoki'a,tsihskoki'a,ahskokihsko'i,uhskokv'i,hihskoka,uhskokihsti
412,419,he/she is mourning for him/her,ahskonhiha,tsihskonhiha,ahskonhiho'i,uhskonhilv'i,hihskonhka,uhskonhsti
413,420,he/she is rubbing him/her,ahskoliye'a,tsiyahskoliye'a,ahskoliyehsko'i,uhskoliye'v'i,hiyahskoliya,uhskoliyeti
414,421,he/she is erasing it,ahskolvti'a,tsihskolvti'a,ahskolvtihsko'i,uhskolvti'i,hihskolvta,uhskolvtihsti
416,423,it’s fading,ahskolvka,,ahskolvko'i,uhskolvtsv'i,,uhskolvyhsti
417,424,he/she is digging it,ahskohska,kahskohska,ahskohsko'i,uhskohsv'i,hahskola,uhskohsti
419,426,he/she is finishing it,ahskwati'a,tsihskwati'a,ahskwatihsko'i,uhskwatv'i,hihskwata,uhskwatihsti
421,428,he/she is catching him/her (refers to a falling person or object),ahskwalhe'a,tsihskwalhe'a,ahskwalhehsko'i,uhskwalhehsv'i,hihskwalhaki,uhskwalhehsti
423,430,it’s getting shorter,ahskwaloka,tsihskwaloka,ahskwaloko'i,uhskwalotsv'i,hihskwaloki,uhskwaloyhsti
424,431,he/she is breaking it (refers to a long object),ahskwalhska,tsihskwalhska,ahskwalhsko'i,uhskwalhsv'i,hihskwala,uhskwalhsti
425,432,he/she is hitting him/her on the head with it (refers to a long object),ahskwalvniha,tsihskwalvniha,ahskwalvniho'i,uhskwalvnilv'i,hihskwalvnika,uhskwalvnihsti
427,434,he/she is amazed,ahskwanikohska,tsihskwanikohska,ahskwanikohsko'i,uhskwanikohsv'i,hihskwanikohi,uhskwanikohihsti
428,435,he/she is sucking it,ahskwanutska,tsihskwanutska,ahskwanutsko'i,uhskwanutsv'i,hihskwanutsa,uhskwanutsti
429,436,he/she is hitting him/her on the abdomen with it (refers to a long object),ahskwohalvniha,tsihskwohalvniha,ahskwohalvniho'i,uhskwohalvnilv'i,hihskwohalvnika,uhskwohalvnihsti
430,437,he/she is placing his/her hand on him/her,ahsihthati'a,tsiyahsihthati'a,ahsihthatihsko'i,uhsihthatv'i,hiyahsihthata,uhsihthatihsti
431,438,he/she is slapping him/her,ahsihthvniha,tsiyahsihthvniha,ahsihthvniho'i,uhsihthvnilv'i,hiyahsihthvnika,uhsihthvnihsti
432,439,he/she is backing up,ahsineka,kahsineka,ahsineko'i,uhsinvhsv'i,hahsinuka,uhsinvhsti
436,443,he/she is roping him/her,ahslhati'a,tsihslhati'a,ahslhatihsko'i,uhslhatv'i,hihslhata,uhslhatihsti
437,444,he/she is building a fence,ahsoyhoha,kahsoyhoha,ahsoyhoho'i,uhsoyhalv'i,hahsoyhka,uhsoyhsti
439,446,he/she is waving his/her hand,ahsolvtaki'a,kahsolvtaki'a,ahsolvtakihsko'i,uhsolvtakihsv'i,hahsolvtaki,uhsolvtakihsti
440,447,he/she is pressing down on him/her,ahsonhstiha,tsiyahsonhstiha,ahsonhstihsko'i,uhsonhsthanv'i,hiyahsonhsta,uhsonhstohti
441,448,he/she is wounding him/her,ahsonvhska,tsihsonvhska,ahsonvhsko'i,uhsonvnhv'i,hihsonvna,uhsonvhsti
443,450,he/she is sopping it,ahsu'a,kahsu'a,ahsuhsko'i,uhsuhsv'i,hahsutsa,uhsuhsti
444,451,he/she is fishing,ahsuhvhska,kahsuhvhska,ahsuhvhsko'i,uhsunhv'i,hahsuhvka,uhsuhti
445,452,he/she is painting it,ahsuwhihska,tsihsuwhihska,ahsuwhihsko'i,uhsuwhihsv'i,hihsuwha,uhsuwhihsti
446,453,he/she is changing his/her pants,ahsula'iyv'a,kahsula'iyv'a,ahsula'iyvhsko'i,uhsula'iyvhsv'i,hahsula'iyvna,uhsula'iyvhsti
447,454,he/she is taking his/her pants off,ahsule'a,kahsule'a,ahsulehsko'i,uhsulehsv'i,hahsulaki,uhsulehsti
448,455,he/she is putting his/her pants on,ahsuli'a,kahsuli'a,ahsulihsko'i,uhsulanv'i,hahsulvka,uhsuloti
449,456,he/she is quitting,ahsulikoka,tsihsulikoka,ahsulikoko'i,uhsulikotsv'i,hihsuliko'i,uhsulikohsti
452,459,he/she is choosing him/her,ahsuye'a,tsiyahsuye'a,ahsuyehsko'i,uhsuyehsv'i,hiyahsuyaki,uhsuyehsti
453,460,he/she is stirring it,ahsuyeha,kahsuyeha,ahsuyehsko'i,uhsuyehv'i,hahsuyvla,uhsuyehti
454,461,he/she is mixing it in,ahsuyvhska,kahsuyvhska,ahsuyvhsko'i,uhsuyvnv'i,hahsuyv'vka,uhsuyvti
455,462,it smells,ahsvka,tsihsvka,ahsvko'i,,,
458,465,he/she is touching him/her,ahsvnhiha,tsiyahsvnhiha,ahsvnhiho'i,uhsvnhilv'i,hiyahsvnhka,uhsvnhsti
459,466,he/she is drinking it up,ahsvhvhska,tsihsvhvhska,ahsvhvhsko'i,uhsvnhv'i,hihsvnha,uhsvhvhsti
463,470,he/she is holding his/her breath,athawhohstiha,ka'tawhohstiha,athawhohstihsko'i,uthawhohsthanv'i,hathawhohsta,uthawhohstohti
464,471,he/she is mooring a boat,athalati'a,tsithalati'a,athalatihsko'i,uthalatv'i,hithalata,uthalatihsti
465,472,he/she is drilling a hole,athalehska,tsithalehska,athalehsko'i,uthalehsv'i,hithalaka,uthalehsti
467,474,it’s steaming,athanoleka,,athanoleko'i,uthanolvhsv'i,,uthanolvhsti
469,476,it’s exploding,athahski'a,,athahskihsko'i,uthahskihsv'i,hathahski,uthahskihsti
470,477,he/she is exploding it,athahskihstiha,tsithahskihstiha,athahskihstihsko'i,uthahskihsthanv'i,hathahskihsta,uthahskihstohti
472,479,he/she is kissing him/her,athaweto'vhska,tsitaweto'vhska,athaweto'vhsko'i,uthawetonv'i,hitaweto'vka,uthawetoti
473,480,he/she is combing someone’s hair,athawo'a,tsithawo'a,athawohsko'i,uthawo'v'i,hithawotsa,uthahsohsti
474,481,he/she is asking for it,athayohiha,tsithayohiha,athayohiho'i,uthayolhv'i,hithayoha,uthayohsti
475,482,he/she is joining,athelati'a,kate'lati'a,athelatihsko'i,uthelatv'i,hathelata,uthelatihsti
477,484,he/she is shaking him/her,athelvhvhska,tsithelvhvhska,athelvhvhsko'i,uthelvnhv'i,hithelvna,uthelhti
479,486,he/she is leading him/her,athinhi,tsiyathinhi,athinheko'i,uthinhvhsv'i,hiyathinhuka,uthinhvhsti
480,487,he/she is arguing,athiyohiha,ka'tiyohiha,athiyohiho'i,uthiyolhv'i,hathiyoka,uthiyohsti
482,489,he/she is running,atlhi,katitlhi,atlhihso'i,,,
483,490,he/she is racing,athohkiya'a,kathohkiya'a,athohkiyahsko'i,uthohkiyv'i,hathohkiya,uthohkiyahsti
486,493,he/she is loaning it to him/her,atholhstiha,tsiyatholhstiha,atholhstihsko'i,utholhsthanv'i,hiyatholhsta,utholhstohti
487,494,he/she is borrowing him/her,atholhska,tsiyatholhska,atholhsko'i,utholhsv'i,hiyathola,utholhihsti
488,495,it’s flashing (refers to reflected light),athoyawhska,,athoyawhsko'i,uthoyawhsv'i,,uthoyawhsti
489,496,he/she is taking a bite,atste'a,katsihste'a,atstehsko'i,utstehsv'i,hatstaki,utstehsti
490,497,he/she is lying,atsko'vhska,katsihsko'vhska,atsko'vhsko'i,utskonv'i,hatsko'vka,utskoti
491,498,he/she is taking a drink (refers to alcoholic beverage),athuki'a,ka'tuki'a,athukihsko'i,uthukihsv'i,hathuki,uthukihsti
493,500,he/she is promising,athu'ihstiha,tsithu'ihstiha,athu'ihstihsko'i,uthu'ihsthanv'i,hithu'ihsta,uthu'ihstohti
494,501,he/she is listening to him/her,athvtahstiha,tsiyathvtahstiha,athvtahstihsko'i,uthvtahsthanv'i,hiyathvtahsta,uthvtahstohti
495,502,he/she is asking him/her a question,athvtvhvhska,tsiyathvtvhvhska,athvtvhvhsko'i,uthvtvnhv'i,hiyathvtvhvka,uthvthti
496,503,he/she hears him/her,athvki'a,tsiyathvki'a,athvkihsko'i,uthvkanv'i,hiyathvkvka,uthvkoti
497,504,he/she is raising him/her,athvhihstiha,tsiya'tvhihstiha,athvhihstihsko'i,uthvhihsthanv'i,hiya'tvhihsta,uthvhihstohti
498,505,he/she is growing,athvhska,ka'tvhska,athvhsko'i,uthvhsv'i,hathvhi,uthvhihsti
502,509,he/she is inside,aya'a,tsiya'a,aya'o'i,,,
504,511,he/she is distributing it,ayathohiha,tsiyathohiha,ayathohiho'i,uyatholhv'i,hiyathohi,uyathohihsti
507,514,he/she is waking up,ayeka,tsiyeka,ayeko'i,uyetsv'i,hiyeki,uye'ihsti
509,516,he/she is waking him/her up,aye'ihstiha,tsiye'ihstiha,aye'ihstihsko'i,uye'ihsthanv'i,hiye'ihsta,uye'ihstohti
511,518,he/she is putting him/her inside (refers to somewhere large enough to move around in),ayhtiha,tsiyvtiha,ayhtihsko'i,uyhthanv'i,hiyvta,uyhtohti
512,519,it’s crowing (refers to a rooster),ayhka,kayhka,ayhko'i,uyvlhsv'i,hayvla,uyvlhihsti
513,520,he/she is getting it (refers to a long object),ayiha,tsiyi'a,ayihsko'i,uyvhv'i,hiya,uyhti
515,522,it’s breaking,ayoka,tsiyoka,ayoko'i,uyotsv'i,hiyoki,uyoyhsti
516,523,he/she is shooting him/her,ayohiha,tsiyo'iha,ayohiho'i,uyolhv'i,hiyo'a,uyohsti
517,524,he/she is taking a break,ayohihstiha,tsi'yohihstiha,ayohihstihsko'i,uyohihsthanv'i,hiyohihsta,uyohihstohti
519,526,he/she is whittling it,ayolhvhska,tsiyolvhska,ayolhvhsko'i,uyolhanv'i,hiyolhvka,uyolhvhsti
521,528,he/she is dying (refers to a human),ayohuhska,tsiyo'uhska,ayohuhsko'i,uyohuhsv'i,hiyohuhi,uyohuhihsti
522,529,he/she is breaking it up,ayoliha,tsiyoliha,ayo'ihstihsko'i,uyo'ihsthanv'i,hiyo'ihsta,uyo'ihstohti
523,530,he/she is greeting him/her,ayoliha,tsiyoliha,ayoliho'i,uyolilv'i,hiyolika,uyolihsti
524,531,he/she is breaking it,ayohstiha,tsiyohstiha,ayohstihsko'i,uyohsthanv'i,hiyohsta,uyohstohti
526,533,he/she is destroying it,ayohsthanohvhska,tsiyohsthanohvhska,ayohsthanohvhsko'i,uyohsthanonhv'i,hiyohsthanonha,uyohsthanohvhsti
529,536,he/she is entering it,ayvhiha,tsiyv'iha,ayvhiho'i,uyvlhv'i,hiyvha,uyvhsti
530,537,he/she is finding it (refers to a long object),ayvwhahthiha,tsiyvwahthiha,ayvwhahthihsko'i,uyvwhahthvhv'i,hiyvwhahtha,uyvwhahthvhti
531,538,he/she is taking it somewhere (refers to a long object),ayvwhitiha,tsiyvwitiha,ayvwhitihsko'i,uyvwhitvhv'i,hiyvwhita,uyvwhithti
539,549,he/she is making an X,tatanhawhstiha,tekatanawhstiha,tatanhawhstihsko'i,tutanhawhsthanv'i,thatanhawhsta,tsutanhawhstohti
541,551,he/she is conjuring,tatanhehse'a,tekatanehse'a,tatanhehsehsko'i,tutanhehsa'v'i,thatanhehsaka,tsutanhehsehsti
542,552,he/she is accepting him/her,tatanilvka,tetsiyatanilvka,tatanilvko'i,tutanilvtsv'i,thiyatanilvki,tsutanilvhsti
543,553,he/she is dodging,tatanvtihstiha,tekatanvtihstiha,tatanvtihstihsko'i,tutanvtihsthanv'i,thatanvtihsta,tsutanvtihstohti
544,554,he/she is performing baptism,tatawo'a,tekatawo'a,tatawohsko'i,tutawo'v'i,thatawotsa,tsutawohsti
545,555,he/she is giving up,tatayohska,tekatayohska,tatayohsko'i,tutayohsv'i,thatayohi,tsutayohihsti
546,556,he/she is teaching,tateyhohvhska,tekateyohvhska,tateyhohvhsko'i,tuteyonhv'i,thateyhohvka,tsuteyhohti
547,557,he/she is weeping,tatloyhiha,tekatloyiha,tatloyhiho'i,tutloyhilv'i,thatloyhka,tsutloyhsti
548,558,he/she is being married,takatshvhstiha,tvkwatshvhstiha,takatshvhstihsko'i,takatshvhsthanv'i,witetsatshvhsta,tsakatshvhstohti
550,560,he/she is setting a price,takvwalhtiha,tetsikvwalotiha,takvwalhtihsko'i,tukvwalhthanv'i,thikvwalhta,tsukvwalhtohti
552,562,he/she is rocking,talhihkeha,tekalihkeha,talhihkehsko'i,tulhihkehv'i,thalhihkvla,tsulhihkehti
553,563,he/she is drawing a picture of him/her,talhilohstiha,tetsiyatlilohstiha,talhilohstihsko'i,tulhilohsthanv'i,thiyatlilohsta,tsulhilohstohti
554,564,he/she is conversing,talhinoheha,tekalinoheha,talhinohehsko'i,tulhinohelhv'i,thalhinohvla,tsulhinohehti
555,565,he/she is jumping,talhthateka,tekalithateka,talhthateko'i,tulhthatinvhsv'i,thalhthatuka,tsulhthatinvti
557,567,he/she is changing clothes,tanhawa'iyv'a,tekaniwa'iyv'a,tanhawa'iyvhsko'i,tunhawa'iyvhsv'i,thanhawa'iyvna,tsunhawa'iyvhsti
558,568,he/she is undressing,tanhawe'a,tekaniwe'a,tanhawehsko'i,tunhawehsv'i,thanhawaki,tsunhawehsti
559,569,he/she is putting on clothes,tanhawo'a,tekaniwo'a,tanhawohsko'i,tunhawo'v'i,thanhawotsa,tsunhawohsti
561,571,he/she is putting fuel into a fire (refers to solid fuel),tahvthvhska,tetsi'vthvhska,tahvthvhsko'i,tuhvthanv'i,thihvthvka,tsuhvthti
562,572,he/she is tickling him/her,tayhvki'a,tetsiyvki'a,tayhvkihsko'i,tuyhvkv'i,thiyvka,tsuyhvkihsti
564,574,he/she is squatting,tatsilhuhska,tekatsilhuhska,tatsilhuhsko'i,tutsilhunv'i,thatsilhuka,tsukilhuhsti
565,575,he/she is tying it,takhanehiha,tetsikanehiha,takhanehiho'i,tukhanelhv'i,thikhaneka,tsukhanehsti
566,576,he/she is untying it,takhaneyhiha,tetsikaneyhiha,takhaneyhihsko'i,tukhaneyhvhv'i,thikhaneyha,tsukhaneyhvhti
567,577,he/she is looking after him/her,takhanowatitoha,tetsikanowatitoha,takhanowatitoho'i,tukhanowatitolv'i,thikanowatita,tsukhanowatitahsti
568,578,he/she is becoming blind,takhewaka,tetsi'kewaka,takhewako'i,tukhewatsv'i,thikhewaki,tsukhewa'ihsti
571,581,he/she is making smoke,takhsvhstiha,tetsikahsvhstiha,takhsvhstihsko'i,tukhsvhsthanv'i,thikhsvhsta,tsukhsvhstohti
572,582,he/she is blinking,takhthanawhska,tekakathanawhska,takhthanawhsko'i,tukhthanawhsv'i,thakhthanawha,tsukhthanawhsti
573,583,he/she is closing his eyes,takhthahstiha,tekakathahstiha,takhthahstihsko'i,tukhthahsthanv'i,thakhthahsta,tsukhthahstohti
574,584,he/she is attacking him/her,takhthileka,tetsikathileka,takhthileko'i,tukhthilvhsv'i,thikathiluka,tsukhthilvhsti
575,585,he/she is taking off his/her glasses,takhthinvte'a,tekakathinvte'a,takhthinvtehsko'i,tukhthinvtehsv'i,thakhthinvtaki,tsukhthinvtehsti
576,586,he/she is putting on glasses,takhthinvthvhska,tekakathinvthvhska,takhthinvthvhsko'i,tukhthinvthanv'i,thakhthinvthvka,tsukhthinvthti
577,587,he/she is shelling corn,takhtlhiha,tetsikatlhiha,takhtlhihsko'i,tukhtlhvhv'i,thikhtlha,tsukhtlhvhti
578,588,he/she is snoring,takwhalaki'a,tetsikwhalaki'a,takwhalakihsko'i,tukwhalakihsv'i,thikwhalaki,tsukwhalakihsti
579,589,he/she is sprinkling it (with a liquid‚ powder‚ salt‚ etc.),takwhayo'vhska,tetsikwhayo'vhska,takwhayo'vhsko'i,tukwhayonv'i,thikwhayo'vka,tsukwhakoti
582,592,he/she is putting on shoes,talahsulhvhska,tekalahsulhvhska,talahsulhvhsko'i,tulahsulhanv'i,thalahsulhvka,tsulahsulhti
583,593,he/she is changing shoes,talahsula'iyv'a,tekalahsula'iyv'a,talahsula'iyvhsko'i,tulahsula'iyvhsv'i,thalahsula'iyvna,tsulahsula'iyvhsti
584,594,he/she is taking off his/her shoes,talahsule'a,tekalahsule'a,talahsulehsko'i,tulahsulehsv'i,thalahsulaki,tsulahsulehsti
585,595,he/she is helping him/her up,talehtiha,tetsiyaletiha,talehtihsko'i,tulehthanv'i,thiyaleta,tsulehtohti
586,596,he/she is recuperating,talehihsiha,tekale'ihsiha,talehihsihsko'i,tulehihsanhv'i,thalehihsa,tsulehihsohti
587,597,he/she is getting up (from sitting or from involuntarily assumed prone position),talehvhska,tekale'vhska,talehvhsko'i,tulenhv'i,thalehvka,tsulehti
589,599,he/she is taking off his/her gloves,taliyehsule'a,tekaliyehsule'a,taliyehsulehsko'i,tuliyehsulehsv'i,thaliyehsulaki,tsuliyehsulehsti
590,600,he/she is putting on his/her gloves,taliyehsuli'a,tekaliyehsuli'a,taliyehsulihsko'i,tuliyehsulanv'i,thaliyehsulvka,tsuliyehsuloti
591,601,he/she is taking off his/her socks,taliyoki'a,tekaliyoki'a,taliyokihsko'i,tuliyokihsv'i,thaliyoki,tsuliyokihsti
592,602,he/she is putting on his/her socks,taliyohiha,tekaliyo'iha,taliyohiho'i,tuliyolhv'i,thaliyoka,tsuliyohsti
593,603,he/she is changing his/her socks,taliyohsiha,tekaliyohsiha,taliyohsiho'i,tuliyohsvhv'i,thaliyohsa,tsuliyohsvhti
594,604,he/she is aiming at him/her,talhsohstiha,tetsiyalihsohstiha,talhsohstihsko'i,tulhsohsthanv'i,thiyalihsohsta,tsulhsohstohti
596,606,they are having a trial,tanatahi'litoha,totsatahi'litoha,tanatahi'litoho'i,tunatahi'litolv'i,titsatahi'lita,tsunatahi'litahsti
597,607,they are meeting,tanatlohska,totsatlohska,tanatlohsko'i,tunatlohsv'i,titsatlohi,tsunatlohihsti
598,608,they are separating,tanakaleniha,tohstakaleniha,tanakalenihsko'i,tunakalenvhv'i,tihstakalena,tsunakalenhti
599,609,he/she is playing with him/her,tanelhtiha,tetsiyanelhtiha,tanelhtihsko'i,tunelhthanv'i,thiyanelhta,tsunelhtohti
600,610,he/she is playing,tanelohvhska,tekanelohvhska,tanelohvhsko'i,tunelonhv'i,thanelohvka,tsunelhti
601,611,they’re having church services,tanilawika,totsilawika,tanilawiko'i,tunilawitsv'i,titsilawiki,tsunilawihsti
603,613,they are adjourning,taniyelihska,totsiyelihska,taniyelihsko'i,tuniyelihsv'i,titsiyelihi,tsuniyelihihsti
604,614,he/she is shooting at him/her,tahstayohiha,tetsihstayohiha,tahstayohiho'i,tuhstayolhv'i,thihstayoha,tsuhstayohsti
605,615,he/she is splitting it,tahstluhska,tetsihstluhska,tahstluhsko'i,tuhstluyhv'i,thihstluyha,tsuhstluhsti
606,616,he/she is sprinkling it (with liquid),tahstutli'a,tetsihstutli'a,tahstutlihsko'i,tuhstutlv'i,thihstutla,tsuhstutlihsti
607,617,he/she is counting it,tahsehiha,tekahsehiha,tahsehiho'i,tuhselhv'i,thahseka,tsuhsehsti
608,618,he/she is cursing him/her,tahskinati'a,tetsihskinati'a,tahskinatihsko'i,tuhskinatv'i,thihskinata,tsuhskinatihsti
609,619,he/she is clapping his/her hands,tahsihthvniha,tekahsihthvniha,tahsihthvniho'i,tuhsihthvnilv'i,thahsihthvnika,tsuhsihthvnihsti
610,620,he/she is getting exhausted,tahsthayehska,tekahsthayehska,tahsthayehsko'i,tuhsthayehsv'i,thahsthayehi,tsuhsthayehihsti
611,621,it’s barking,tahsuwhihska,tekahsuwhihska,tahsuwhihsko'i,tuhsuwhihsv'i,thahsuwha,tsuhsuwhihsti
612,622,he/she is scheduling a time,tahsvhstiha,tetsihsvhstiha,tahsvhstihsko'i,tuhsvhsthanv'i,thihsvhsta,tsuhsvhstohti
613,623,he/she is ironing,tathehska,tetsithehska,tathehsko'i,tuthehsv'i,thithvla,tsuthehsti
618,628,he/she is releasing him/her,tayohska,tetsiyohska,tayohsko'i,tuyohsv'i,thiyohi,tsuyohihsti
620,631,he/she is slamming him/her,tekalvtvnihstiha,tetsilvtvnihstiha,tekalvtvnihstihsko'i,tulvtvnihsthanv'i,thilvtvnihsta,tsulvtvnihstohti
621,632,he/she is crossing (refers to a road‚ bridge‚ etc.),tekanatiwhska,tetsinatiwhska,tekanatiwhsko'i,tunatiwhsv'i,thinatiwhi,tsunatiwhihsti
622,633,he/she is advertising it,tekanotsalhvhska,tetsinotsa'lvhska,tekanotsalhvhsko'i,tunotsalhanv'i,thinotsalhvka,tsunotsalhti
623,634,he/she is crossing it (refers to a body of water),tekahsohka,tetsihsohka,tekahsohko'i,tuwahsohtsv'i,thihsohki,tsuwahsohihsti
624,635,he/she is enduring it (idiom),tekethvhska,teke'tvhska,tekethvhsko'i,tuwethinv'i,thethvka,tsuwethti
625,636,he/she is explaining it (refers to a Biblical text),tekohsihsiha,tekohsihsiha,tekohsihsihsko'i,tuwohsihsanhv'i,thohsihsa,tsuwohsihsohti
626,637,he/she is deciding,tekukhtiha,tekukotiha,tekukhtihsko'i,tuwukhthanv'i,thukhta,tsuwukhtohti
627,638,he/she is washing (refers to dishes),tekvtiye'a,tekvtiye'a,tekvtiyehsko'i,tuwatiye'v'i,thvtiya,tsuwatiyeti
628,639,he/she is shelling (refers to peas‚ nut meats‚ etc),tekvthohi'a,tekvthohi'a,tekvthohihsko'i,tuwvthohihsv'i,thvthohi,tsuwvthohihsti
630,641,he/she is turning him/her over,tekhalihkwateka,tetsilihkwateka,tekhalihkwateko'i,tulhihkwatinvhsv'i,thilihkwatuka,tsulhihkwatinvti
631,642,he/she is singing,tekhanoki'a,tetsinoki'a,tekhanokihsko'i,tunhokihsv'i,thinhoki,tsunhokihsti
632,643,he/she is clawing him/her,tekhanukohska,tetsinukohska,tekhanukohsko'i,tunhukohsv'i,thinukola,tsunhukohsti
634,645,he/she is washing (refers to flexible objects including clothes),tekhkilo'a,tekvkilo'a,tekhkilohsko'i,tuhkilo'v'i,thvhkilotsa,tsuhkilohsti
722,740,he/she is confronted with it,tutlohska,takwatlohska,tutlohsko'i,tutlohsv'i,titsatlohi,tsutlohihsti
723,741,he/she is called,tuto'a,takwato'a,tuto'o'i,tuto'v'i,tetsato'ehsti,tsutohsti
724,742,he/she is staggering,tutokhtiha,takwatokhtiha,tutokhtihsko'i,tutokhthanv'i,titsatokhta,tsutokhtohti
725,743,he/she is getting a rash,tukwenothihska,takikwenothihska,tukwenothihsko'i,tukwenothihsv'i,titsakwenothihi,tsukwenothihsti
726,744,he/she has horns,tulhka,takilhka,tulhko'i,tulhkv'i,tetsalhkehsti,
727,745,he/she is sneezing,tuyhvhstoyhska,takhiyvhstoyhska,tuyhvhstoyhsko'i,tuyhvhstoyhv'i,titshayvhstoyha,tsuyhvhstoyhsti
728,746,he/she is vomiting,tukhstiha,takikhstiha,tukhstihsko'i,tukhsthanv'i,titsakhsta,tsukhstohti
729,747,he/she is wearing glasses,tukhthinvtha,takwakhthinvtha,tukhthinvtho'i,tukhthinvthv'i,tetsakhthinvthehsti,tsukhthinvthti
730,748,he/she is wearing shoes,tulahsulha,takwalahsulha,tulahsulho'i,tulahsulhv'i,tetsalahsulhehsti,
732,750,he/she is wearing gloves,tuliyehsula,takwaliyehsula,tuliyehsulo'i,tuliyehsulv'i,thaliyehsulvka,tsuliyehsuloti
733,751,he/she is wearing socks,tuliyoha,takwaliyoha,tuliyoho'i,tuliyohv'i,tetsaliyohehsti,
735,753,he/she is working,tulvwhihstaneha,takilvwhihstaneha,tulvwhihstaneho'i,tulvwhihstanelv'i,titsalvwhihstahsi,tsulvwhihstanehti
737,755,he/she is making footsteps,tuhstanoyhvhka,takwahstanoyhvhka,tuhstanoyhvhko'i,tuhstanoyhvhkv'i,titsahstanoyhvla,tsuhstanoyhvlhihsti
738,756,he/she is releasing it (refers to involuntarily releasing),tuhskalehstiha,takwahskalehstiha,tuhskalehstihsko'i,tuhskalehsthanv'i,titsahskalehsta,tsuhskalehstohti
739,757,he/she is tired,tuyaweka,takiyaweka,tuyaweko'i,tuyawetsv'i,titsayaweki,tsuyawehsti
740,758,he/she is releasing it (refers to voluntarily releasing),tuyohska,takiyohska,tuyohsko'i,tuyohsv'i,titsayohi,tsuyohihsti
742,765,he/she is walking around,etoha,ketoha,etoho'i,uwetolv'i,heta,uwetahsti
743,766,he/she is going,eka,keka,eko'i,uwenvhsv'i,hena,uwenvhsti
746,769,he/she lives,eha,ke'a,eho'i,,hehehsti,
752,776,he/she thinks so,eli'a,keli'a,elihsko'i,uwelihsv'i,hela,uwelihsti
757,787,he/she is straightening it,katshinohsiha,tsitshinohsiha,katshinohsihsko'i,uwatshinohsanhv'i,hitshinohsa,uwatshinohsohti
759,789,it is hanging (refers to flexible object),kata'a,kata'a,kata'o'i,,hata'ehsti,
764,794,he/she is plowing it,kataluki'a,tsitaluki'a,katalukihsko'i,uwatalukanv'i,hitalukvka,uwatalukoti
766,796,he/she is removing it from a hanging position (refers to solid or flexible object),kate'a,kate'a,katehsko'i,utehsv'i,hataki,utehsti
767,797,he/she is turning it,kateyhstiha,tsiteyahstiha,kateyhstihsko'i,uwateyhsthanv'i,hiteyhsta,uwateyhstohti
769,799,he/she is spinning it,katikwalvteyhstiha,tsitikwalvteyhstiha,katikwalvteyhstihsko'i,uwatikwalvteyhsthanv'i,hitikwalvteyhsta,uwatikwalvteyhstohti
770,800,he/she is strapping it,katlohiha,tsitlohiha,katlohiho'i,uwatlolhv'i,hitloka,uwatlohsti
772,802,he/she is standing,katoka,tsitoka,katoko'i,,hitokehsti,
775,805,he/she is pitying him/her,katolika,tsiyatolika,katoliko'i,uwatolitsv'i,hiyatoliki,uwatolihsti
776,806,he/she is dropping him/her (refers to flexible object),katonhtiha,tsiyatonhtiha,katonhtihsko'i,utonhthanv'i,hiyatonhta,utonhtohti
777,807,it is falling from a hanging position (refers to flexible object),katohska,katohska,katohsko'i,utohsv'i,hatohi,utohihsti
784,814,he/she is baking it,katuhvhska,tsituhvhska,katuhvhsko'i,uwatunhv'i,hituhvka,uwathti
788,818,he/she is hanging up it (refers to a flexible object),katv'vhska,tsiyatv'vhska,katv'vhsko'i,utvnv'i,hatv'vka,utvti
791,821,he/she is rowing,kakawehska,tsikawehska,kakawehsko'i,uwakawehsv'i,hikawehi,uwakawehsti
796,826,he/she is pecking it,kakwayohiha,tsiyakwayo'iha,kakwayohiho'i,uwakwayolhv'i,hiyakwayo'a,uwakwayohsti
798,828,he/she is putting it into a container,kalhtiha,tsilotiha,kalhtihsko'i,ulhthanv'i,hilhta,ulhtohti
803,833,he/she is sleeping,kalhiha,tsi'liha,kalhiho'i,,hilhvna,ulhvnhti
804,834,he/she is gathering it,kalhihsiha,tsilhihsiha,kalhihsihsko'i,uwalhihsanhv'i,hilhihsa,uwalhihsohti
809,839,he/she is piling it up,kalhuhska,tsilhuhska,kalhuhsko'i,uwalhunv'i,hilhuka,uwalhuhsti
810,840,he/she is tying him/her up,kalhv'iha,tsiya'lv'iha,kalhv'iho'i,ulhvlv'i,hiya'lvtsa,ulhvhsti
811,841,he/she is putting it in a hole or a container,kalhvhska,tsi'lvhska,kalhvhsko'i,ulhanv'i,hilhvka,ulhti
812,842,he/she is sleepy,kalhvhska,tsi'lvhska,kalhvhsko'i,ulhvnhv'i,hilhvna,ulhvnhti
813,843,he/she is taking it somewhere by hand (refers to a flexible object),kanheka,tsi'neka,kanheko'i,unhvhsv'i,hinhuka,unhvhsti
814,844,he/she is holding it (refers to a flexible object),kanheha,tsi'neha,kanhehv'i,kanheho'i,hinhehehsti,
815,845,he/she is handling it (refers to a flexible object),kanhitoha,tsi'nitoha,kanhitoho'i,unhitolv'i,hinhita,unhitahsti
818,848,he/she is eating it (refers to a flexible object),kayhe'a,tsiyaye'a,kayhehsko'i,uwayha'v'i,hiyayaka,uwayhehsti
820,850,he/she is ripping it,katsakaliha,tsitsakali'a,katsakalihsko'i,uwatsakalvhv'i,hitsakala,uwatsakalhti
821,851,he/she is scratching him/her,katsalikohska,tsiyatsalikohska,katsalikohsko'i,uwatsalikohsv'i,hiyatsalikola,uwatsalikohsti
823,853,he/she is pricking him/her,katsayohiha,tsiyatsayo'iha,katsayohiho'i,uwatsayolhv'i,hiyatsayo'a,uwatsayohsti
824,854,he/she is wringing it out,katsvwahstiha,tsitsvwahstiha,katsvwahstihsko'i,uwatsvwahsthanv'i,hitsvwahsta,uwatsvwahstohti
825,855,he/she is stinging it,katsvyhska,tsiyatsvyhska,katsvyhsko'i,uwatsvyhv'i,hiyatsvyha,uwatsvyhsti
826,856,he/she is leaving a living thing behind,kakhahiya'a,tsiyakhahiya'a,kakhahiyahsko'i,uwakhahiyv'i,hiyakhahiya,uwakhahiyahsti
827,857,he/she is giving him/her a living thing,kakhaneha,tsiyakhaneha,kakhaneho'i,uwakhanelv'i,hiyakhahsi,uwakhanehti
829,859,he/she is wrapping him/her,kakwhenvhska,tsiyakwhenvhska,kakwhenvhsko'i,uwakwhenvnhv'i,hiyakwhenvna,uwakwhenvhti
830,860,he/she is putting it in a container (refers to a long object),kalati'a,tsilati'a,kalatihsko'i,ulatv'i,hilata,ulatihsti
833,863,he/she is taking it out of a container (refers to a solid or flexible object),kale'a,tsile'a,kalehsko'i,ulehsv'i,hilaki,ulehsti
834,864,he/she is climbing it,ka'leka,tsi'leka,ka'leko'i,ulvhsv'i,hi'luka,ulvhsti
837,867,he/she is burning,kaleyvhska,tsileyvhska,kaleyvhsko'i,uleyvhsv'i,hileyvhi,uleyvhihsti
838,868,it is falling from an upright position (refers to a long object eg tree‚ pole),kaleyvhska,tsileyvhska,kaleyvhsko'i,uleyvhsv'i,hileyvhi,uleyvhihsti
839,869,he/she is climbing around,ka'litoha,tsi'litoha,ka'litoho'i,ulitolv'i,hi'lita,ulitahsti
840,870,it is burning (refers to forest or grass),kalika,,kaliko'i,ulitsv'i,,
841,871,he/she is taking it out of a container (refers to a long object),kaliha,tsila'a,kalihsko'i,ulvhv'i,hila,ulhti
842,872,it is dying (refers to an animal or plant),kaliwhoka,tsiliwoka,kaliwhoko'i,uliwhotsv'i,hiliwhoki,uliwhohsti
844,874,he/she is spanking him/her,kali'vnhiha,tsili'vnhiha,kal'vnhiho'i,uli'vnhilv'i,hili'vnhka,uli'vnhsti
845,875,he/she is hoeing it,kaloki'a,tsiloki'a,kalokihsko'i,ulokanv'i,hilokvka,ulokoti
848,878,he/she is stopping by (where on the way somewhere),kalohihstiha,tsilo'ihstiha,kalohihstihsko'i,ulohihsthanv'i,hilohihsta,ulohihstohti
850,880,he/she is overtaking him/her,kalohihseha,tsilo'ihseha,kalohihseho'i,ulohihselv'i,hilo'ihsi,ulohihsehti
852,882,he/she is bluffing him/her,kalonahstiha,tsilonahstiha,kalonahstihsko'i,ulonahsthanv'i,hilonahsta,ulonahstohti
853,883,he/she is oiling it,kalone'a,tsilone'a,kalonehsko'i,ulone'v'i,hilona,uloneti
854,884,he/she is making him/her fall from an elevated position,kalonhtiha,tsilonhtiha,kalonhtihsko'i,ulonhthanv'i,hilonhta,ulonhtohti
855,885,he/she is cheating,kalonuheha,tsilonu'eha,kalonuhehsko'i,ulonuhelhv'i,hilonuhvla,ulonuhehti
856,886,he/she is passing by without stopping,kalohska,tsilohska,kalohsko'i,ulohsv'i,hilohi,ulohihsti
857,887,he/she is falling from an elevated position,kalohska,tsilohska,kalohsko'i,ulohsv'i,hilohi,ulohihsti
858,888,he/she is arriving,ka'luhka,tsi'luhka,ka'luhko'i,uluhtsv'i,hi'luhki,uluhihsti
859,889,it’s lacking,kaluloka,tsiluloka,kaluloko'i,ululotsv'i,hiluloki,ululohsti
862,892,he/she is chopping it,kaluyhska,tsiluyhska,kaluyhsko'i,uluyhv'i,hiluyha,uluyhsti
864,894,he/she is beating him/her up,kalvnhiha,tsilvnhiha,kalvnhiho'i,ulvnhilv'i,hilvnhka,ulvnhsti
870,900,he/she is putting it in a hole or a container (refers to a flexible object),kalvhska,tsilvhska,kalvhsko'i,ulvnv'i,hilv'vka,ulvti
871,901,he/she is selling it,kanateka,tsinateka,kanateko'i,unatinvhsv'i,hinatuka,unatinvti
873,903,he/she is hiring him/her,kanalhvhska,tsinalhvhska,kanalhvhsko'i,unalhvnv'i,hinalhv'vka,unalhvti
876,906,he/she is finding it (refers to a flexible object),kanawhthiha,tsinawhthiha,kanawhthihsko'i,unawhthvhv'i,hinawhtha,unawhthvhti
877,907,he/she is taking it somewhere (refers to an animal‚ flexible object),kanawitiha,tsinawitiha,kanawitihsko'i,unawitvhv'i,hinawita,unawithti
879,909,he/she is getting it (refers to a flexible object),kane'a,tsine'a,kanehsko'i,unehsv'i,hinaki,unehsti
880,910,he/she is changing it,kanetliyv'a,tsinetliyv'a,kanetliyvhsko'i,unetliyvhsv'i,hinetliyvna,unetliyvhsti
882,912,he/she is taking it somewhere by hand (refers to a long object),kaneka,tsineka,kaneko'i,uwanvhsv'i,hinuka,uwanvhsti
883,913,he/she is peeling him/her,kanekaliha,tsinekaliha,kanekalihsko'i,unekalvhv'i,hinekala,unekalhti
884,914,he/she is getting some liquid,kaneki'a,tsineki'a,kanekihsko'i,unekihsv'i,hineki,unekihsti
885,915,he/she is taking liquid from him/her,kaneki'eha,tsineki'eha,kaneki'eho'i,uneki'elv'i,hinekihsi,uneki'ehti
886,916,he/she is bewitching him/her,kanekuti'a,tsinekuti'a,kanekutihsko'i,unekutv'i,hinekuta,unekutihsti
887,917,he/she is holding it in his/her hand (refers to a long object),kaneha,tsineha,kaneho'i,,hinehehsti,
888,918,he/she is leaving some liquid,kanehiya'a,tsine'iya'a,kanehiyahsko'i,unehiyv'i,hinehiya,unehiyahsti
889,919,he/she is giving him/her some liquid,kanenheha,tsineneha,kanenheho'i,unenhelv'i,hine'vhsi,unenhehti
890,920,he/she is finding some liquid,kanewhahthiha,tsinewahthiha,kanewhahthihsko'i,unewhahthvhv'i,hinewhahtha,unewhahthvhti
891,921,he/she is taking some liquid somewhere,kanewhitiha,tsinewitiha,kanewhitihsko'i,unewhitvhv'i,hinewhita,unewhithti
893,923,he/she lives (in sense of resides now),kanela,tsinela,kanelo'i,,hinelehsti,
895,925,it’s freezing,kanehstalati'a,tsinehstalati'a,kanehstalatihsko'i,unehstalatv'i,hinehstalata,unehstalatihsti
896,926,it’s hailing,kanehsoyhska,,kanehsoyhsko'i,unehsoyhsv'i,,unehsoyhsti
899,929,he/she is lying down,kanhka,tsinvka,kanhko'i,,hinhkehsti,
901,931,he/she is agitating liquid,kanhkwa'eha,tsinhkwa'eha,kanhkwa'ehsko'i,unhkwa'ehv'i,hinhkwa'vla,unhkwa'ehti
902,932,he/she is taking a liquid somewhere by hand,kanhtseka,tsinvtseka,kanhtseko'i,unhtsvhsv'i,hinhtsuka,unhtsvhsti
903,933,he/she is holding some liquid,kanhtseha,tsinvtseha,kanhtseho'i,,hinhtsehehsti,
904,934,he/she is handling some liquid,kanhtsitoha,tsinvtsitoha,kanhtsitoho'i,unhtsitolv'i,hinhtsita,unhtsitahsti
908,938,he/she is handling it (refers to a long object),kanitoha,tsinitoha,kanitoho'i,uwanitolv'i,hinita,uwanitahsti
909,939,he/she hates him/her,kanikwathiha,tsinikwathiha,kanikwathiho'i,unikwathilhv'i,hinikwathika,unikwathihsti
910,940,he/she is setting up a bed,kanilhati'a,tsinilhati'a,kanilhatihsko'i,unilhatv'i,hinilhata,unilhatihsti
913,943,he/she is pleading,kanilati'a,tsinilati'a,kanilatihsko'i,unilatv'i,hinilata,unilatihsti
914,944,he/she is burying him/her,ka'nihsiha,tsinihsiha,ka'nihsihsko'i,unihsanhv'i,hinihsa,unihsohti
915,945,he/she is leaving it (refers to flexible object),ka'niha'a,tsi'niya'a,ka'niyahsko'i,uniyv'i,hiniya,uniyahsti
916,946,he/she is catching him/her,ka'niyiha,tsiniyiha,kaniyihsko'i,uniyvhv'i,hiniya,uniyhti
918,948,he/she is hunting,kanohalitoha,tsino'alitoha,kanohalitoho'i,unohalitolv'i,hinohalita,unohalitahsti
920,950,he/she is flying,kanohili,tsino'ili,kanohilihso'i,,hinohilihsehsti,
921,951,it’s flooding,kanohuki'a,,kanohukihsko'i,unohukanv'i,,unohukoti
922,952,he/she is causing it to sound,kanoyhvlhihstiha,tsinoyvlihstiha,kanoyhvlhihstihsko'i,unoyhvlhihsthanv'i,hinoyhvlhihsta,unoyhvlhihstohti
924,954,it is blowing (refers to wind),kanolv'vhska,,kanolv'vhsko'i,unolvnv'i,,unolvti
925,955,he/she is stealing it,kanohski'a,tsinohski'a,kanohskihsko'i,unohskihsv'i,hinohski,unohskihsti
928,958,he/she is sinking,kanoyvka,tsinoyvka,kanoyvko'i,unoyvtsv'i,hinoyvki,unoyv'ihsti
929,959,he/she is pulling him/her,kanhsane'a,tsinahsane'a,kanhsanehsko'i,unhsanehsv'i,hinahsanaki,unhsanehsti
931,961,he/she is dragging him/her,kanhsineka,tsinahsineka,kanhsineko'i,unhsinvhsv'i,hinahsinuka,unhsinvhsti
932,962,he/she is exiting,kanukoka,tsinukoka,kanukoko'i,unukotsv'i,hinuko'i,unukohsti
937,967,he/she is twisting him/her,kanutheyoha,tsinutheyoha,kanutheyoho'i,unutheyolv'i,hinutheyaka,unutheyahsti
938,968,he/she is missing him/her (refers to as a target),kanvti'a,tsinvti'a,kanvtihsko'i,unvtv'i,hinvta,unvtihsti
940,970,he/she is falling from an upright position,kanvka,tsinvka,kanvko'i,unvtsv'i,hinvki,unv'ihsti
941,971,he/she is cleaning him/her,kanvkaliha,tsinvkali'a,kanvkalihsko'i,unvkalvhv'i,hinvkala,unvkalhti
942,972,he/she is hammering it,kanvkwalo'a,tsinvkwalo'a,kanvkwalohsko'i,unvkwalo'v'i,hinvkwalotsa,unvkwalohsti
946,976,he/she is tying up a leg,kanvlhohiha,tsinvlhohiha,kanvlhohiho'i,unvlholhv'i,hinvlhoka,unvlhohsti
949,979,he/she is tossing about,kanvtsitoha,tsinvtsitoha,kanvtsitoho'i,unvtsitolv'i,hinvtsita,unvtsitahsti
950,980,he/she is giving him/her an object (refers to a flexible object),kanvneha,tsinvneha,kanvneho'i,unvnelv'i,hinvhsi,unvnehti
955,985,he/she is pushing him/her,kahsatohska,tsiyahsatohska,kahsatohsko'i,uwahsatoyhv'i,hiyahsatoyha,uwahsatohsti
956,986,he/she is rolling him/her,kahsakwalehiha,tsiyahsakwalehiha,kahsakwalehiho'i,uwahsakwalelhv'i,hiyahsakwaleka,uwahsakwalehsti
960,990,he/she is attaching the object behind it (refers to a flexible object),kahsanenatvhska,tsihsanenatvhska,kahsanenatvhsko'i,uwahsanenatvnv'i,hihsanenatvka,uwahsanenatvti
965,995,it’s dripping,kahskwo'iha,,kahskwo'iho'i,uwahskwolv'i,,uwahskwo'ihsti
968,998,he/she is whistling,kahsvnhka,tsihsvnhka,kahsvnhko'i,uwahsvnhtsv'i,hihsvnhki,uwahsvnhsti
969,999,he/she is piling it up,kahsvthvhska,tsihsvthvhska,kahsvthvhsko'i,uwahsvthanv'i,hihsvthvka,uwahsvthti
970,1000,it’s hanging,katha,,katho'i,,hathehsti,
973,1003,he/she is stabbing him/her,kathiha,tsiyathiha,kathiho'i,uwathilhv'i,hiyathika,uwathihsti
976,1006,he/she is hanging it up,kathvhska,ka'tvhska,kathvhsko'i,uthanv'i,hathvka,uthti
977,1007,he/she is joking,kawelhiha,tsiwelhiha,kawelhihsko'i,uwelhvnhv'i,hiwelhvna,uwelhvhti
978,1008,he/she is resting him/her,kawehsolvhstiha,tsiyawehsolvhstiha,kawehsolvhstihsko'i,uyawehsolvhsthanv'i,hiyawehsolvhsta,uyawehsolvhstohti
979,1009,he/she is bathing him/her,kawo'a,tsiyawo'a,kawohsko'i,uwo'v'i,hiyawotsa,uwohsti
980,1010,he/she is replying,kawohiliyv'a,kawo'iliyv'a,kawohiliyvhsko'i,uwohiliyvhsv'i,hawohiliyvna,uwohiliyvhsti
981,1011,he/she is lecturing him/her,kawonhtiha,tsiwonhtiha,kawonhtihsko'i,uwonhthanv'i,hiwonhta,uwonhtohti
983,1013,he/she is speaking,kawoniha,tsiwoniha,kawonihsko'i,uwonihsv'i,hiwonihi,uwonihihsti
986,1016,he/she is sewing it,kayewhska,tsiyewihska,kayewhsko'i,uwayewhsv'i,hiyewa,uwayewhsti
992,1022,he/she is feeding him/her,kelhoha,tsiyeloha,kelhoho'i,uwelhalv'i,hiyeloka,uwelhsti
993,1023,he/she is howling,kelhuhvhska,keluhvhska,kelhuhvhsko'i,uwelhunhv'i,helhuhvka,uwelhuhvhsti
997,1027,he/she is leading it by a leash,kelihsineha,tsiyelihsineha,kelihsineho'i,,hiyelihsinehehsti,uwelihsinvhsti
1001,1031,he/she is setting a post into the ground (refers to a post or other long object),kethvhska,ke'tvhska,kethvhsko'i,uwethinv'i,hethvka,uwethti
1003,1033,he/she has a nosebleed,kika tekhayvhskwo'iha,kika tekayvhskwo'iha,kika tekhayvhskwo'iho'i,kika tuyhvhskwolv'i,kika thiyhvhskwotsa,kika tsuyhvhskwo'ihsti
1014,1044,he/she is leading him/her by the hand,kohineka,tsiyo'ineka,kohineko'i,uwohinvhsv'i,hiyo'inuka,uwohinvhsti
1015,1045,he/she is agreeing with him/her,kohiyhtaneha,tsiyo'iyhtaneha,kohiyhtaneho'i,uwohiyhtanelv'i,hiyo'iyhtahsi,uwohiyhtanehti
1017,1047,he/she is recognizing him/her,kolhka,tsiyolika,kolhko'i,uwolhtsv'i,hiyoliki,uwolhihsti
1018,1048,he/she understands it,kolhka,kolika,kolhko'i,uwolhtsv'i,holhki,uwolhihsti
1021,1051,he/she is getting full,kolhvhska,kolvhska,kolhvhsko'i,uwolhvhsv'i,holhvhi,uwolhvhihsti
1022,1052,he/she is making it,kolhvhska,kolhvhska,kolhvhsko'i,uwolhvnhv'i,holhvna,uwolhvnhti
1023,1053,he/she is making it fall (refers to a round‚ long object),kohonhtiha,ko'onhtiha,kohonhtihsko'i,uwohonhthanv'i,hohonhta,uwohonhtohti
1024,1054,it’s falling (refers to a round‚ long object),kohohska,ko'ohska,kohohsko'i,uwohohsv'i,hohohi,uwohohihsti
1027,1057,he/she is writing it,kowheli'a,koweli'a,kowhelihsko'i,uwowhelanv'i,howhelvka,uwowheloti
1030,1061,he/she is pulling a trigger,kotsane'a,kotsane'a,kotsanehsko'i,uwotsanehsv'i,hotsanaki,uwotsanehsti
1033,1064,he/she is smoking it,kokhska,kokihska,kokhsko'i,uwokhsv'i,hoki,uwokhsti
1038,1069,he/she is batting it,kohstvniha,kohstvniha,kohstvniho'i,uwohstvnilv'i,hohstvnika,uwohstvnihsti
1040,1071,he/she is saying to him/her,kohseha,tsiyohseha,kohseho'i,uwohselv'i,hiyohsi,uwohsehti
1041,1072,it’s swelling,kothihska,kothihska,kothihsko'i,uwothihsv'i,hothihi,uwothihihsti
1043,1074,he/she is building a fire,kothvhska,kotvhska,kothvhsko'i,uwothanv'i,hothvka,uwothti
1044,1075,he/she is unhitching him/her,kutale'a,tsiyutale'a,kutalehsko'i,uwutalehsv'i,hiyutalaki,uwutalehsti
1045,1076,he/she is hitching him/her up,kutalvhska,tsiyutalvhska,kutalvhsko'i,uwutalvnv'i,hiyutalv'vka,uwutalvti
1050,1081,he/she is putting a handle on a tool,kuhalhvhska,ku'alhvhska,kuhalhvhsko'i,uwuhalhanv'i,huhalhvka,uwuhalhti
1052,1083,he/she is washing it,kuhilo'a,ku'ilo'a,kuhilohsko'i,uwuhilo'v'i,huhilotsa,uwuhilohsti
1053,1084,he/she is accusing him/her,kuhihstiha,tsiyu'ihstiha,kuhihstihsko'i,uwuhihsthanv'i,hiyu'ihsta,uwuhihstohti
1055,1086,he/she is covering it,kulhvhska,kulhvhska,kulhvhsko'i,uwulhvnv'i,hulhv'vka,uwulhvti
1056,1087,he/she is putting it in water,kuhvhska,ku'vhska,kuhvhsko'i,uwunhv'i,huhvka,uwuhti
1060,1091,he/she is picking him/her up,kuthe'a,tsiyuthe'a,kuthehsko'i,uwuthehsv'i,hiyuthaki,uwuthehsti
1061,1092,it’s snowing,kuthiha,,kuthihsko'i,uwuthanhv'i,,uwuthohti
1063,1094,he/she is sifting it,kvkuhstiha,kvkuhstiha,kvkuhstihsko'i,uwakuhsthanv'i,hvkuhsta,uwakuhstohti
1064,1095,it’s leaking,kvkuhska,,kvkuhsko'i,uwakuhsv'i,,uwakuhsti
1067,1098,he/she is alive,kvnha,kvna,kvnho'i,,hvnhehsti,
1070,1101,he/she is hitting him/her,kvnhiha,tsiyvniha,kvnhiho'i,uwanhilv'i,hiyvnika,uwanhsti
1071,1102,he/she is cooking it (refers to a specific food),kvnhihstiha,kvnihstiha,kvnhihstihsko'i,uwanhihsthanv'i,hvnhihsta,uwanhihstohti
1076,1107,he/she is frying it,kvtsalhvhska,kvtsalhvhska,kvtsalhvhsko'i,uwvtsalhanv'i,hvtsalhvka,uwvtsalhti
1078,1109,he/she is melting it,kvnawhtiha,kvnawotiha,kvnawhtihsko'i,uwanawhthanv'i,hvnawhta,uwanawhtohti
1079,1110,it’s melting,kvnawohska,kvnawohska,kvnawohsko'i,uwanawohsv'i,hvnawohi,uwanawohihsti
1081,1112,he/she is sweeping it,kvnohsahska,kvnohsahska,kvnohsahsko'i,uwanohsahv'i,hvnohsa,uwanohsahsti
1082,1113,it’s becoming done (refers to by cooking),kvnhska,,kvnhsko'i,uwanhsv'i,hvnhi,uwanhihsti
1083,1114,he/she is hiding it,kvhskalhvhska,kvhskalhvhska,kvhskalhvhsko'i,uwahskalhanv'i,hvhskalhvka,uwahskalhti
1084,1115,he/she is hiding it (refers to a long object),kvhskalati'a,kvhskalati'a,kvhskalatihsko'i,uwahskalatv'i,hvhskalata,uwahskalatihsti
1085,1116,he/she is hiding him/her (refers to a flexible object),kvhskalvhska,tsiyvhskalvhska,kvhskalvhsko'i,uwahskalvnv'i,hiyvhskalv'vka,uwahskalvti
1086,1117,he/she is cracking it,kvhskwalo'a,kvhskwalo'a,kvhskwalohsko'i,uwahskwalo'v'i,hvhskwalotsa,uwahskwalohsti
1087,1118,he/she is putting it into a fire,kvthvhska,kvtvhska,kvthvhsko'i,uwvthanv'i,hvthvka,uwvthti
1088,1119,he/she is soaking it (refers to a flexible object),kvwalhvhska,kvwalhvhska,kvwalhvhsko'i,uwvwalhanv'i,hvwalhvka,uwvwalhti
1119,1163,he/she is returning,ika'luhka,itsi'luhka,ika'luhko'i,v'uluhtsv'i,tsihi'luhki,
1221,1272,he/she is ascending an incline,khanaluhska,tsinaluhska,khanaluhsko'i,unhaluhsv'i,hinhaluhi,unhaluhihsti
1224,1275,he/she is making him/her angry,khanalvhstiha,tsinalvhstiha,khanalvhstihsko'i,unhalvhsthanv'i,hinalvhsta,unhalvhstohti
1227,1278,he/she is rooting it out,khanahstetliha,tsinahstetliha,khanahstetlihsko'i,unhahstetlvhv'i,hinhahstetla,unhahstelhti
1229,1280,he/she is cold,khanawoka,tsinawoka,khanawoko'i,unhawotsv'i,hinhawoki,unhawohsti
1230,1281,he/she is speaking,khaneka,tsineka,khaneko'i,unhetsv'i,hinheki,unhehsti
1231,1282,he/she is prying it,khanekwatiha,tsinekwatiha,khanekwatihsko'i,unhekwatvhv'i,hinhekwata,unhekwathti
1232,1283,he/she is accumulating it,khanehkwo'a,tsinehkwo'a,khanehkwohsko'i,unhehkwo'v'i,hinhehkwotsa,unhehkwohsti
1233,1284,it’s accumulating,khanehkwoka,,khanehkwoko'i,unhehkwotsv'i,hinhehkwoki,unhehkwo'ihsti
1234,1285,he/she is mentioning it,khane'ihstiha,tsine'ihstiha,khane'ihstihsko'i,unhe'ihsthanv'i,hinhe'ihsta,unhe'ihstohti
1235,1286,it’s contaminated (refers to contaminated by visible foreign matter),khanehsalha,,khanehsalho'i,,,
1236,1287,he/she is contaminating it (refers to contaminated by visible foreign matter),khanehsalhvhska,tsinehsalhvhska,khanehsalhvhsko'i,unhehsalhanv'i,hinhehsalhvka,unhehsalhti
1241,1292,he/she is collecting from him/her,khanilhvhska,tsinilhvhska,khanilhvhsko'i,unhilhanv'i,hinilhvka,unhilhti
1246,1297,he/she is telling it,khanoheha,tsinoheha,khanohehsko'i,unhohelhv'i,hinhohvla,unhohehti
1247,1298,he/she is omitting him/her,khanohiya'a,tsinohiya'a,khanohiyahsko'i,unhohiyv'i,hinohiya,unhohiyahsti
1249,1300,he/she is fanning him/her,khanoyeha,tsinoyeha,khanoyehsko'i,unhoyehv'i,hinoyvla,unhoyehti
1253,1304,it’s misting,khanuyolati'a,,khanuyolatihsko'i,unhuyola'tv'i,,unhuyolatihsti
1254,1305,he/she is straining it,khanvhsolvhstiha,tsinvhsolvhstiha,khanvhsolvhstihsko'i,unhvhsolvhsthanv'i,hinhvhsolvhsta,unhvhsolvhstohti
1256,1307,he/she is curing him/her,khanvwi'a,tsinvwi'a,khanvwihsko'i,unhvwanv'i,hinvwvka,unhvwoti
1258,1309,he/she is breathing,khawolate'a,ka'wolate'a,khawolatehsko'i,uwholatehsv'i,hawholataki,uwholatehsti
1261,1312,he/she is parting with him/her (refers to in death),khteka,tsiyvteka,khteko'i,uwhtetsv'i,hiyvteki,uwhte'ihsti
1262,1313,he/she is using it,khtiha,kvtiha,khtihsko'i,uwhthanv'i,hvhta,uwhtohti
1263,1314,he/she is putting out a fire,khtlati'a,kvtlati'a,khtlatihsko'i,uwhtlatv'i,hvhtlata,uwhtlatihsti
1264,1315,he/she is sharpening it,khtliha,kvtliha,khtlihsko'i,uwhtlvhv'i,hvhtla,uwhtlvhti
1265,1316,it is going out (refers to fire‚ light),khtlohska,,khtlohsko'i,uwhtlohsv'i,hvhtlohi,uwhtlohihsti
1266,1317,he/she is putting it into a fire (refers to a flexible object),khtv'vhska,kvtv'vhska,khtv'vhsko'i,uwhtvnv'i,hvhtv'vka,uwhtvti
1267,1319,he/she is mingling with a group,khelatitoha,ke'latitoha,khelatitoho'i,uwhelatitolv'i,helatita,uwhelatitahsti
1270,1322,he/she is linking it,khilhvhska,kv'ilhvhska,khilhvhsko'i,uwhilhanv'i,hvhilhvka,uwhilhti
1277,1329,he/she is shaking it (refers to a flexible object),khtsakv'vhska,tsiyvtsakv'vhska,khtsakv'vhsko'i,uwhtsakvnv'i,hiyvtsakvyha,uwhtsakvti
1285,1337,it is hanging (refers to a long object),khtho'a,,khtho'o'i,,hatho'ehsti,
1286,1338,he/she is hanging it up (refers to a long object),khthohsati'a,kathohsati'a,khthohsatihsko'i,uwhthohsatv'i,hathohsata,uwhthohsatihsti
1301,1356,there are (a number of three or more must be specified),nani'a,notsi'a,nani'o'i,,nitsi'ehsti,
1306,1363,he/she is saying it,nikawe'a,nitsiwe'a,nikawehsko'i,nuwehsv'i,nhiwi,iyuwehsti
1308,1365,he/she is taking it off,nikvnhte'a,nikvnhte'a,nikvnhtehsko'i,nuwanhtehsv'i,nhvnhtaki,iyuwanhtehsti
1309,1366,he/she is putting it on,nikvnhtiha,nikvnhtiha,nikvnhtihsko'i,nuwanhthanv'i,nhvnhta,iyuwanhtohti
1323,1380,he/she has something on (refers to objects),nuwanhti,nakwvnhti,nuwanhto'i,nuwanhtv'i,nitsvnhtehsti,
1450,1516,he/she is in prayer,utatolihsti,akwatatolihsti,utatolihsto'i,utatolihstv'i,tsatatolihstehsti,utatolihstohti
1451,1517,he/she loves,utakeyuha,akwatakeyuha,utakeyuhso'i,utakeyuhsv'i,tsatakeyuhsehsti,utakeyhti
1459,1525,it’s wrinkled,utanekoyuha,akwatanekoyuha,utanekoyuhso'i,utanekoyuhsv'i,tsatanekoyuhsehsti,
1462,1528,he/she feels,utanhtha,akwatanhtha,utanhtho'i,utanhthv'i,tsatanhthehsti,utanhtatihsti
1470,1536,it’s in view,utayvlatha,akwatayvlatha,utayvlatho'i,utayvlathv'i,tsatayvlathehsti,utayvlathti
1471,1537,he/she is throwing it,uteka,akwateka,uteko'i,utinvhsv'i,tsatuka,utinvti
1476,1542,he/she is having a birthday,utethiyiha,akwatethiyiha,utethiyihsko'i,utethiyvhv'i,tsatethiya,utethiyhti
1478,1544,it’s hot,utilhehka,,utilhehko'i,utilhehkv'i,tsatilhehkehsti,
1479,1545,he/she has a fever,utilhehvhska,akwatilhehvhska,utilhehvhsko'i,utilhehvhskv'i,tsatilhehvhi,utilhehvhsti
1480,1546,he/she is in hiding,utihskalha,akwatihskalha,utihskalho'i,utihskalhv'i,tsatihskalhehsti,utihskalhti
1481,1547,he/she is getting well,utiwhska,akwatiwhska,utiwhsko'i,utiwhsv'i,tsatiwhi,utiwhihsti
1483,1549,there’s an opening,utlanvta,,utlanvto'i,utlanvtv'i,,
1484,1550,he/she has time,utlanvta'teha,akwatlanvta'teha,utlanvta'teho'i,utlanvta'telv'i,tsatlanvtatihsi,utlanvta'tehti
1485,1551,he/she is disbelieving,utlahsithv'eha,akwatlahsithv'eha,utlahsithv'eho'i,utlahsithv'elv'i,tsatlahsithvhsi,utlahsithv'ehti
1487,1553,he/she is taking revenge,utleka,akwatleka,utleko'i,utletsv'i,tsatleki,utle'ihsti
1489,1555,he/she is wearing an earring,utli'ata,akwatli'ata,utli'ato'i,utli'atv'i,tsatli'atehsti,
1493,1559,he/she is sick,utlvka,akhtlvka,utlvko'i,utlvkv'i,tstlvki,utlv'ihsti
1505,1571,he/she is standing in liquid,utuha,akwatuha,utuhso'i,utuhsv'i,tsatuhsehsti,utuhti
1507,1573,he/she wants it,utuliha,akwatuliha,utulihsko'i,utulvhv'i,tsatula,utulhti
1508,1574,he/she is willing,utvnv'ihsti,akwatvnv'ihsti,utvnv'ihsto'i,utvnv'ihstv'i,tsatvnv'ihstehsti,
1514,1580,he/she is becoming warm,ukanawohska,akikanawohska,ukanawohsko'i,ukanawohsv'i,tsakanawohi,ukanawohihsti
1516,1582,he/she is possessive of him/her,ukeyuha,tsikeyu'a,ukeyuhso'i,ukeyuhsv'i,hikeyuhsehsti,ukeyhti
1523,1589,he/she is late,ukonhiyoka,akikonhiyoka,ukonhiyoko'i,ukonhiyotsv'i,tsakonhiyoki,ukonhiyohsti
1524,1590,it’s decaying,ukohska,akikohska,ukohsko'i,ukohsv'i,tsakohi,ukohihsti
1530,1596,he/she has an object (refers to a solid object),uha,akiha,uho'i,uhv'i,tsahehsti,
1531,1597,he/she is yawning,uhalhokeha,akhalhokeha,uhalhokehsko'i,uhalhokehv'i,tsahalhokvla,uhalhokehti
1534,1600,he/she is having trouble breathing,uhawohstiha,akihawohstiha,uhawohstihsko'i,uhawohsthanv'i,tsahawohsta,uhawohstohti
1535,1601,there is dew,uhihsatha,akihihsatha,uhihsatho'i,uhihsathv'i,tsahihsathehsti,
1536,1602,he/she is lonesome,uhihsohtaneha,akihihsohtaneha,uhihsohtaneho'i,uhihsohtanelv'i,tsahihsohtahsi,uhihsohtanehti
1537,1603,it’s lonesome,uhihsohti,,uhihsohto'i,uhihsohtv'i,,
1544,1610,he/she is becoming angry,unhalvka,akhinalvka,unhalvko'i,unhalvtsv'i,tshanalvki,unhalv'ihsti
1545,1611,he/she is angry,unhalvha,akhinalvha,unhalvhso'i,unhalvhsv'i,tshanalvhsehsti,
1548,1614,he/she is stubbing his/her toe,unhahskwalo'a,akhinahskwalo'a,unhahskwalohsko'i,unhahskwalo'v'i,tshanahskwalotsa,unhahskwalohsti
1551,1617,he/she has a chill,unhawahstiha,akhinawahstiha,unhawahstihsko'i,unhawahsthanv'i,tshanawahsta,unhawahstohti
1554,1620,he/she is in bed,unhiha,akwanhiha,unhiho'i,unhihv'i,tsanhihehsti,
1557,1623,he/she is wearing a shirt,unhuwa,akwanhuwa,unhuwo'i,unhuwv'i,tsanhuwehsti,
1561,1627,he/she is buying it,uwhahska,akhiwahska,uwhahsko'i,uwhahsv'i,tshawahi,uwhahihsti
1563,1629,he/she is looking for it,uyhoha,akiyhoha,uyhoho'i,uyhalv'i,tsayhka,uyhsti
1564,1630,he/she is afloat,uyholuha,akhiyoluha,uyholuhso'i,uyholuhsv'i,hiyholuhvka,uyholuhti
1569,1635,it is cold (refers to weather),uyhvtla,,uyhvtlo'i,uyhvtlv'i,,
1570,1636,he/she has a cold,uyhvtla uniyiha,uyhvtla aki'niyiha,uyhvtla uniyihsko'i,uyhvtla uniyvhv'i,uyhvtla witsa'niya,uyhvtla uniyhti
1571,1637,he/she is choking on it,uyhvhtsinvthka,akhiyvhtsinvthka,uyhvhtsinvthko'i,uyhvhtsinvtsv'i,tshayvhtsinvthki,uyhvhtsinvtsti
1572,1638,he/she is getting drunk,uyhvhste'a,akhiyvhste'a,uyhvhstehsko'i,uyhvhsta'v'i,tshayvhstaka,uyhvhstehsti
1576,1642,he/she is inside it,utsa'a,akwatsa'a,utsa'o'i,utsa'v'i,tsatsa'ehsti,
1580,1646,he/she is grinning,utsetsti,akwatsetsti,utsetsto'i,utsetstv'i,hatsetsta,utsetstohti
1585,1651,it’s rattling,utsonatha,akwatsonatha,utsonatho'i,utsonathv'i,hatsonathvka,utsonathti
1592,1658,it’s sticking out,ukhsatha,akwakhsatha,ukhsatho'i,ukhsathv'i,tsakhsathehsti,ukhsathti
1593,1659,he/she is watching him/her,ukhsehsti,tsiyakahsehsti,ukhsehsto'i,ukhsehstv'i,hiyakahsehstehsti,ukhsehstohti
1597,1663,it’s foggy,ukhvhata,akikhvhata,ukhvhato'i,ukhvhatv'i,tsakhvhatehsti,
1599,1665,he/she is not having luck at hunting,ukwholeka,akikwholeka,ukwholeko'i,ukwholvhsv'i,tsakwholuka,ukwholvhsti
1602,1668,he/she is losing his/her way,ulenahiha,akwalenahiha,ulenahiho'i,ulenalhv'i,tsalenaka,ulenahsti
1604,1670,he/she is making a mistake,ulitahstiha,akilitahstiha,ulitahstihsko'i,ulitahsthanv'i,tsalitahsta,ulitahstohti
1612,1678,he/she is whining,uliyetiha,akiliyetiha,uliyetihsko'i,uliyethanv'i,tsaliyeta,uliyetohti
1613,1679,he/she is wearing a ring,uliyehsuhsthka,akwaliyehsuhsthka,uliyehsuhsthko'i,uliyehsuhsthkv'i,tsaliyehsuhsthkehsti,
1614,1680,it’s cloudy,ulokila,,ulokilo'i,ulokilv'i,,
1616,1682,it’s happening to him,ulhstanheha,akwalhstanheha,ulhstanheho'i,ulhstanhelv'i,tsalhstahsi,ulhstanhehti
1618,1684,he/she is wearing a cap,ulhstula,akwalhstula,ulhstulo'i,ulhstulv'i,tsalhstulehsti,
1621,1687,he/she is sticking his/her head out,ulhskwaluta,akwalhskwaluta,ulhskwaluto'i,ulhskwalutv'i,tsalhskwalutehsti,
1622,1688,he/she is wearing a hat,ulhskwethuhka,akwalhskwethuhka,ulhskwethuhko'i,ulhskwethuhkv'i,tsalhskwethuhkehsti,
1623,1689,it’s dark,ulhsihka,,ulhsihko'i,ulhsihkv'i,tsalhsihkehsti,
1627,1693,he/she likes him/her,ulvkwhti,tsilvkwoti,ulvkwhto'i,ulvkwhtv'i,hilvkwota,ulvkwhtohti
1629,1695,he/she has an object (refers to a flexible object),una'a,akina'a,una'o'i,una'v'i,tsana'ehsti,
1632,1698,they are together,unalikoha,okalikoha,unalikohso'i,unalikohsv'i,itsalikohsehsti,
1639,1705,he/she is being mean,unekutsa,akinekutsa,unekutso'i,unekutsv'i,tsanekutsehsti,
1642,1708,he/she has a liquid,uneha,akineha,uneho'i,unehv'i,tsanehehsti,unehti
1646,1712,he/she knows it,unhtha,akwanhtha,unhtho'i,unhthv'i,tsanhthehsti,
1649,1715,it is making a sound,unoyhvhka,akinoyhvhka,unoyhvhko'i,unoyhvlhsv'i,tsanoyhvla,unoyhvlhihsti
1664,1730,he/she is receiving punishment,uhstvti'a,akhstvti'a,uhstvtihsko'i,uhstvtv'i,tstvta,uhstvtihsti
1671,1737,he/she is coughing,uhsiwhahska,akhsiwhahska,uhsiwhahsko'i,uhsiwhahv'i,tsiwhahi,uhsiwhahihsti
1677,1743,he/she is wearing pants,uhsula,akwahsula,uhsulo'i,uhsulv'i,tsahsulehsti,
1681,1747,he/she is going to bed,uhsvhiha,akhsvhiha,uhsvhiho'i,uhsvlhv'i,tsvha,uhsvhsti
1683,1749,he/she is thirsty,uthateki'a,akhthateki'a,uthatekihsko'i,uthatekanv'i,tsthatekvka,uthatekoti
1684,1750,he/she is becoming enraged,uthalhawohska,akhthalhawohska,uthalhawohsko'i,uthalhawohsv'i,tsthalhawohi,uthalhawohihsti
1693,1759,he/she is listening to him/her,uthvtahsti,tsiyathvtahsti,uthvtahsto'i,uthvtahstv'i,hiyathvtahstehsti,uthvtahstohti
1698,1764,he/she is forgetting it,uwakhewhska,akwvkhewhska,uwakhewhsko'i,uwakhewhsv'i,witsvkhewa,uwakhewhihsti
1699,1765,he/she is belching,uwakhuleka,akikhuleka,uwakhuleko'i,uwakhuletsv'i,tsakhuleki,uwakhule'ihsti
1700,1766,he/she is shivering,uwanawi'a,akinawi'a,uwanawihsko'i,uwanawv'i,tsanawa,uwanawihsti
1704,1770,he/she is in a hurry,uwanvka,akwvnvka,uwanvko'i,uwanvkv'i,tsvnvki,uwanvhsti
1708,1774,he/she smells it,uwawhsvka,akiwhsvka,uwawhsvko'i,uwawhsvtsv'i,tsawhsvki,uwawhsvhsti
1709,1775,he/she has an object (refers to a long object),uwaya,akwvya,uwayo'i,uwayv'i,tsvyehsti,
1710,1776,he/she is aching,uwehihstaneha,akwehihstaneha,uwehihstaneho'i,uwehihstanelv'i,tsehihstahsi,uwehihstanehti
1711,1777,he/she is yelling,uwelhuhka,akwelhuhka,uwelhuhko'i,uwelhunhv'i,helhuhvka,uwelhuhvhsti
1719,1785,he/she has it,uwekhaha,akikhaha,uwekhaho'i,uwekhahv'i,tsekhahehsti,
1721,1787,he/she is worried,uwelihi'a,akwelihi'a,uwelihihsko'i,uwelihihskv'i,tselihihskehsti,uwelihihsti
1729,1795,he/she is confident,uwohiyuha,akwohiyuha,uwohiyuhso'i,uwohiyuhsv'i,tsohiyuhsehsti,
1730,1796,he/she is sitting,uwolha,akwolha,uwolho'i,uwolhv'i,tsolhehsti,
1739,1805,he/she is laughing,uyetska,akiyetska,uyetsko'i,uyetsv'i,tsayetsa,uyetsti
1740,1806,he/she is itching,uyote'a,akiyote'a,uyotehsko'i,uyotehskv'i,tsayotaka,uyotehsti
1741,1807,he/she is losing it,uyohuhseha,akiyohuhseha,uyohuhseho'i,uyohuhselv'i,tsayohuhsi,uyohuhsehti
1745,1811,he/she is hungry,uyohsiha,akiyohsiha,uyohsihsko'i,uyohsihskv'i,tsayohsihsa,uyohsihsohti
1754,1823,he/she is sending on object (refers to a long object),wati'a,witsiti'a,watihsko'i,wutv'i,whita,wutihsti
1761,1830,he/she is sending it,wahvhska,witsi'vhska,wahvhsko'i,wunhv'i,whihvka,wuhti
1765,1834,he/she is heading in the direction of,wakhthi,witsikathi,wakhtho'i,wakhthv'i,whikhthehsti,
1774,1845,he/she is sending it,wikakhahvhska,witsiyakhahvhska,wikakhahvhsko'i,wuwakhanv'i,whiyakhahvka,wuwakhohti
1775,1846,he/she is sending it (refers to something liquid),wikanehvhska,witsine'vhska,wikanehvhsko'i,wunenhv'i,whinehvka,wunehti
1776,1847,he/she is sending it (refers to a flexible object),wikanv'vhska,witsinv'vhska,wikanv'vhsko'i,wunvnv'i,whinv'vka,wunvti
1778,1849,he/she is going out of sight,wutelika,wakwatelika,wuteliko'i,wutelitsv'i,witsateliki,wutelihsti
