corpus_id,entry_no,definition,entry_type,failed_slot,corpus_form,generated_forms,h_root,h_alt_tag,aspect_class,prefix_class,tense_present_class,set_a,plural,animate_objects,present,present_1sg,imperfective,perfective,imperative,infinitive
21,25,he/she is denying him/her,StativeNoImp,perfective,utayhilv'i,atayhihv'i; katayhihv'i,atayhi,[H_alt=glot],stative-h,a_stem,a_present,True,False,True,atayhiha,tsiyata'yiha,atayhiho'i,utayhilv'i,hiyatayika,utayhsti
21,25,he/she is denying him/her,StativeNoImp,perfective,utayhilv'i,atayhihv'i; katayhihv'i,atayhih,[H_alt=glot],stative,a_stem,a_present,True,False,True,atayhiha,tsiyata'yiha,atayhiho'i,utayhilv'i,hiyatayika,utayhsti
25,29,it’s ripping,Eventful,present_1sg,katatsakali'a,katatsakaliha,atatsakal,[H_alt=none],ih-vh,a_stem,a_present,True,False,False,atatsakaliha,katatsakali'a,atatsakalisko'i,utatsakalvhv'i,hatatsakala,utatsakalhti
25,29,it’s ripping,Eventful,present_1sg,katatsakali'a,tsiyatatsakaliha,atatsakal,[H_alt=none],ih-vh,a_stem,a_present,True,False,True,atatsakaliha,katatsakali'a,atatsakalisko'i,utatsakalvhv'i,hatatsakala,utatsakalhti
42,46,he/she is making noise,Eventful,present_1sg,katanoyvlistiha,tsiyatanoyhvlhistiha,atanoyhvlhist,[H_alt=none],cause,a_stem,a_present,True,False,True,atanoyhvlhistiha,katanoyvlistiha,atanoyhvlhistisko'i,utanoyhvlhisthanv'i,hatanoyhvlhista,utanoyhvlhistohti
42,46,he/she is making noise,Eventful,present_1sg,katanoyvlistiha,katanoyhvlhistiha,atanoyhvlhist,[H_alt=none],cause,a_stem,a_present,True,False,False,atanoyhvlhistiha,katanoyvlistiha,atanoyhvlhistisko'i,utanoyhvlhisthanv'i,hatanoyhvlhista,utanoyhvlhistohti
45,49,he/she is moving from one place to another,Eventful,present,atanv'a,ata'nv'a; kata'nv'a,ata'n,[H_alt=none],v-vhs,a_stem,a_present,True,False,False,atanv'a,kata'nv'a,ata'nvsko'i,uta'nvsv'i,hata'nvna,uta'nvsti
60,64,he/she is learning,Eventful,perfective,utelhohkwa'v'i,uatelhohkwv'i; utelhohkwv'i,atelhohkw,[H_alt=drop],a,a_stem,a_present,True,False,False,atelhohkwa'a,katelohkwa'a,atelhohkwasko'i,utelhohkwa'v'i,hatelhohkwa,utelhohkwasti
69,73,he/she is diving,Eventful,perfective,utethinv'i,uatethanv'i; utethanv'i,atet,[H_alt=drop],hvsk-han,a_stem,a_present,True,False,False,atethvska,katetvska,atethvsko'i,utethinv'i,hatethvka,utethti
69,73,he/she is diving,Eventful,perfective,utethinv'i,uatetnhv'i; utetnhv'i,atet,[H_alt=drop],hvsk-nh,a_stem,a_present,True,False,False,atethvska,katetvska,atethvsko'i,utethinv'i,hatethvka,utethti
73,77,he/she is rising (from a prone position),Eventful,present_1sg,katiti'a,tsiyatitiha,atit,[H_alt=none],ih-vh,a_stem,a_present,True,False,True,atitiha,katiti'a,atitisko'i,utitvhv'i,hatita,utithti
73,77,he/she is rising (from a prone position),Eventful,present_1sg,katiti'a,katitiha,atit,[H_alt=none],ih-vh,a_stem,a_present,True,False,False,atitiha,katiti'a,atitisko'i,utitvhv'i,hatita,utithti
77,81,he/she is saying it,Eventful,present_1sg,kati'a,tsiyatiha,at,[H_alt=none],vnh-ih-a,a_stem,a_present,True,False,True,atiha,kati'a,atisko'i,utvnhv'i,hata,uthti
77,81,he/she is saying it,Eventful,present_1sg,kati'a,katiha,at,[H_alt=none],vnh-ih-a,a_stem,a_present,True,False,False,atiha,kati'a,atisko'i,utvnhv'i,hata,uthti
92,96,he/she is pouring liquid into a container,Eventful,imperative,hitlika,hitla,tl,[H_alt=none],i-a-i,cons_stem,a_present,True,False,True,atli'a,tsitli'a,atlisko'i,utlv'i,hitlika,utlisti
92,96,he/she is pouring liquid into a container,Eventful,imperative,hitlika,hitla,tl,[H_alt=none],i-a-i,cons_stem,a_present,True,False,False,atli'a,tsitli'a,atlisko'i,utlv'i,hitlika,utlisti
95,99,he/she is drawing a liquid out of a container,Eventful,present_1sg,tsitli'a,tsitliha,tl,[H_alt=none],ih-vh,cons_stem,a_present,True,False,True,atliha,tsitli'a,atlisko'i,utlvhv'i,hitla,utlvhti
95,99,he/she is drawing a liquid out of a container,Eventful,present_1sg,tsitli'a,tsitliha,tl,[H_alt=none],ih-vh,cons_stem,a_present,True,False,False,atliha,tsitli'a,atlisko'i,utlvhv'i,hitla,utlvhti
98,102,he/she is crying,Eventful,infinitive,utloyhsti,uatloysti; utloysti,atloy,[H_alt=drop],hih-hil,a_stem,a_present,True,False,False,atloyhiha,katloyiha,atloyhiho'i,utloyhilv'i,hatloyhka,utloyhsti
99,103,he/she is getting off,StativeNoImp,perfective,utloyhsv'i,atloyhskv'i; katloyhskv'i,atloyhs,[H_alt=none],stative-k,a_stem,a_present,True,False,False,atloyhska,katloyhska,atloyhsko'i,utloyhsv'i,hatlohi,utlohisti
99,103,he/she is getting off,StativeNoImp,perfective,utloyhsv'i,atloyhskv'i; katloyhskv'i,atloyhsk,[H_alt=none],stative,a_stem,a_present,True,False,False,atloyhska,katloyhska,atloyhsko'i,utloyhsv'i,hatlohi,utlohisti
100,104,he/she is bragging,Eventful,infinitive,utlvkwhisti,uatlvkwhhisti; utlvkwhhisti,atlvkwh,[H_alt=vowel_a],sk-s-a,a_stem,a_present,True,False,False,atlvkwhska,katlvkwaska,atlvkwhsko'i,utlvkwhsv'i,hatlvkwha,utlvkwhisti
106,110,he/she is doing it,StativeNoImp,perfective,utvnelv'i,atvnehv'i; katvnehv'i,atvn,[H_alt=none],stative-eh,a_stem,a_present,True,False,False,atvneha,katvneha,atvneho'i,utvnelv'i,hatvka,utvnhti
106,110,he/she is doing it,StativeNoImp,perfective,utvnelv'i,atvnehv'i; katvnehv'i,atvne,[H_alt=none],stative-h,a_stem,a_present,True,False,False,atvneha,katvneha,atvneho'i,utvnelv'i,hatvka,utvnhti
106,110,he/she is doing it,StativeNoImp,perfective,utvnelv'i,atvnehv'i; katvnehv'i,atvneh,[H_alt=none],stative,a_stem,a_present,True,False,False,atvneha,katvneha,atvneho'i,utvnelv'i,hatvka,utvnhti
113,117,he/she is breaking it (refers to a flexible object),Eventful,present_1sg,tsikalhska,tsika'lska,kalh,[H_alt=glot],sk-s-a,cons_stem,a_present,True,False,True,akalhska,tsikalhska,akalhsko'i,ukalhsv'i,hika'la,ukalhsti
119,123,it’s raining,StativeFutProg,perfective,ukanhanv'i,akaskv'i; kakaskv'i,akas,[H_alt=none],stative-k,a_stem,a_present,True,False,False,akaska,,akasko'i,ukanhanv'i,,ukanhti
119,123,it’s raining,StativeFutProg,perfective,ukanhanv'i,akaskv'i; kakaskv'i,akas,[H_alt=none],stative-k,a_stem,a_present,True,False,True,akaska,,akasko'i,ukanhanv'i,,ukanhti
119,123,it’s raining,StativeFutProg,perfective,ukanhanv'i,akaskv'i; kakaskv'i,akask,[H_alt=none],stative,a_stem,a_present,True,False,False,akaska,,akasko'i,ukanhanv'i,,ukanhti
119,123,it’s raining,StativeFutProg,perfective,ukanhanv'i,akaskv'i; kakaskv'i,akask,[H_alt=none],stative,a_stem,a_present,True,False,True,akaska,,akasko'i,ukanhanv'i,,ukanhti
119,123,it’s raining,StativeFutProg,perfective,ukanhanv'i,akaskv'i,kas,[H_alt=none],stative-k,cons_stem,a_present,True,False,True,akaska,,akasko'i,ukanhanv'i,,ukanhti
119,123,it’s raining,StativeFutProg,perfective,ukanhanv'i,akaskv'i,kas,[H_alt=none],stative-k,cons_stem,a_present,True,False,False,akaska,,akasko'i,ukanhanv'i,,ukanhti
119,123,it’s raining,StativeFutProg,perfective,ukanhanv'i,akaskv'i,kask,[H_alt=none],stative,cons_stem,a_present,True,False,False,akaska,,akasko'i,ukanhanv'i,,ukanhti
119,123,it’s raining,StativeFutProg,perfective,ukanhanv'i,akaskv'i,kask,[H_alt=none],stative,cons_stem,a_present,True,False,True,akaska,,akasko'i,ukanhanv'i,,ukanhti
149,154,he/she is chopping it up,Eventful,perfective,ukvhaluyhv'i,ukvhaluyhsv'i,kvhaluyh,[H_alt=glot],sk-s-a,cons_stem,a_present,True,False,True,akvhaluyhska,tsikv'aluyhska,akvhaluyhsko'i,ukvhaluyhv'i,hikvhaluyha,ukvhaluyhsti
149,154,he/she is chopping it up,Eventful,perfective,ukvhaluyhv'i,ukvhaluyhsv'i,kvhaluyh,[H_alt=glot],sk-s-a,cons_stem,a_present,True,False,False,akvhaluyhska,tsikv'aluyhska,akvhaluyhsko'i,ukvhaluyhv'i,hikvhaluyha,ukvhaluyhsti
161,167,he/she is killing him/her,StativeNoImp,perfective,ulhv'i,ahihv'i,hi,[H_alt=glot],stative-h,cons_stem,a_present,True,False,False,ahiha,tsi'iha,ahiho'i,ulhv'i,hiluka,uhisti
161,167,he/she is killing him/her,StativeNoImp,perfective,ulhv'i,ahihv'i,hi,[H_alt=glot],stative-h,cons_stem,a_present,True,False,True,ahiha,tsi'iha,ahiho'i,ulhv'i,hiluka,uhisti
161,167,he/she is killing him/her,StativeNoImp,perfective,ulhv'i,ahihv'i,hih,[H_alt=glot],stative,cons_stem,a_present,True,False,False,ahiha,tsi'iha,ahiho'i,ulhv'i,hiluka,uhisti
161,167,he/she is killing him/her,StativeNoImp,perfective,ulhv'i,ahihv'i,hih,[H_alt=glot],stative,cons_stem,a_present,True,False,True,ahiha,tsi'iha,ahiho'i,ulhv'i,hiluka,uhisti
162,168,he/she has possession of a vehicle,StativeFutProg,present_1sg,tsi'ileha,tsiyahi'leha,ahi'l,[H_alt=none],stative-eh,a_stem,a_present,True,False,True,ahi'leha,tsi'ileha,ahi'leho'i,,,uhi'lvsti
162,168,he/she has possession of a vehicle,StativeFutProg,present_1sg,tsi'ileha,kahi'leha,ahi'l,[H_alt=none],stative-eh,a_stem,a_present,True,False,False,ahi'leha,tsi'ileha,ahi'leho'i,,,uhi'lvsti
162,168,he/she has possession of a vehicle,StativeFutProg,present_1sg,tsi'ileha,tsiyahi'leha,ahi'le,[H_alt=none],stative-h,a_stem,a_present,True,False,True,ahi'leha,tsi'ileha,ahi'leho'i,,,uhi'lvsti
162,168,he/she has possession of a vehicle,StativeFutProg,present_1sg,tsi'ileha,kahi'leha,ahi'le,[H_alt=none],stative-h,a_stem,a_present,True,False,False,ahi'leha,tsi'ileha,ahi'leho'i,,,uhi'lvsti
162,168,he/she has possession of a vehicle,StativeFutProg,present_1sg,tsi'ileha,tsiyahi'leha,ahi'leh,[H_alt=none],stative,a_stem,a_present,True,False,True,ahi'leha,tsi'ileha,ahi'leho'i,,,uhi'lvsti
162,168,he/she has possession of a vehicle,StativeFutProg,present_1sg,tsi'ileha,kahi'leha,ahi'leh,[H_alt=none],stative,a_stem,a_present,True,False,False,ahi'leha,tsi'ileha,ahi'leho'i,,,uhi'lvsti
162,168,he/she has possession of a vehicle,StativeFutProg,present_1sg,tsi'ileha,tsihi'leha,hi'l,[H_alt=none],stative-eh,cons_stem,a_present,True,False,False,ahi'leha,tsi'ileha,ahi'leho'i,,,uhi'lvsti
162,168,he/she has possession of a vehicle,StativeFutProg,present_1sg,tsi'ileha,tsihi'leha,hi'l,[H_alt=none],stative-eh,cons_stem,a_present,True,False,True,ahi'leha,tsi'ileha,ahi'leho'i,,,uhi'lvsti
162,168,he/she has possession of a vehicle,StativeFutProg,present_1sg,tsi'ileha,tsihi'leha,hi'le,[H_alt=none],stative-h,cons_stem,a_present,True,False,False,ahi'leha,tsi'ileha,ahi'leho'i,,,uhi'lvsti
162,168,he/she has possession of a vehicle,StativeFutProg,present_1sg,tsi'ileha,tsihi'leha,hi'le,[H_alt=none],stative-h,cons_stem,a_present,True,False,True,ahi'leha,tsi'ileha,ahi'leho'i,,,uhi'lvsti
162,168,he/she has possession of a vehicle,StativeFutProg,present_1sg,tsi'ileha,tsihi'leha,hi'leh,[H_alt=none],stative,cons_stem,a_present,True,False,True,ahi'leha,tsi'ileha,ahi'leho'i,,,uhi'lvsti
162,168,he/she has possession of a vehicle,StativeFutProg,present_1sg,tsi'ileha,tsihi'leha,hi'leh,[H_alt=none],stative,cons_stem,a_present,True,False,False,ahi'leha,tsi'ileha,ahi'leho'i,,,uhi'lvsti
186,192,he/she is changing his/her shirt,Eventful,present_1sg,kaniwa'iyv'a,kanhawa'iyv'a,anhawa'iy,[H_alt=none],v-vhs,a_stem,a_present,True,False,False,anhawa'iyv'a,kaniwa'iyv'a,anhawa'iyvsko'i,unhawa'iyvsv'i,hanhawa'iyvna,unhawa'iyvsti
186,192,he/she is changing his/her shirt,Eventful,present_1sg,kaniwa'iyv'a,tsiyanhawa'iyv'a,anhawa'iy,[H_alt=none],v-vhs,a_stem,a_present,True,False,True,anhawa'iyv'a,kaniwa'iyv'a,anhawa'iyvsko'i,unhawa'iyvsv'i,hanhawa'iyvna,unhawa'iyvsti
187,193,he/she is taking his/her shirt off,Eventful,present_1sg,kaniwe'a,kanhawe'a,anhaw,[H_alt=none],rev-e,a_stem,a_present,True,False,False,anhawe'a,kaniwe'a,anhawesko'i,unhawesv'i,hanhawaki,unhawesti
187,193,he/she is taking his/her shirt off,Eventful,present_1sg,kaniwe'a,tsiyanhawe'a,anhaw,[H_alt=none],rev-e,a_stem,a_present,True,False,True,anhawe'a,kaniwe'a,anhawesko'i,unhawesv'i,hanhawaki,unhawesti
189,195,he/she is putting on a shirt,Eventful,present_1sg,kaniwo'a,kanhawo'a,anhaw,[H_alt=none],o,a_stem,a_present,True,False,False,anhawo'a,kaniwo'a,anhawosko'i,unhawo'v'i,hanhawotsa,unhawosti
189,195,he/she is putting on a shirt,Eventful,present_1sg,kaniwo'a,tsiyanhawo'a,anhaw,[H_alt=none],o,a_stem,a_present,True,False,True,anhawo'a,kaniwo'a,anhawosko'i,unhawo'v'i,hanhawotsa,unhawosti
190,196,he/she is giving it to him/her,Eventful,imperative,hi'vsi,hinsi,nh,[H_alt=drop],apl,cons_stem,a_present,True,False,True,anheha,tsineha,anheho'i,unhelv'i,hi'vsi,unhehti
190,196,he/she is giving it to him/her,Eventful,imperative,hi'vsi,hinsi,nh,[H_alt=drop],apl,cons_stem,a_present,True,False,False,anheha,tsineha,anheho'i,unhelv'i,hi'vsi,unhehti
194,200,he/she is frolicking,StativeNoImp,perfective,unhetsonv'i,anhetsoskv'i; kanhetsoskv'i,anhetsos,[H_alt=drop],stative-k,a_stem,a_present,True,False,False,anhetsoska,kanetsoska,anhetsosko'i,unhetsonv'i,hanhetso'vka,unhetsoti
194,200,he/she is frolicking,StativeNoImp,perfective,unhetsonv'i,anhetsoskv'i; kanhetsoskv'i,anhetsosk,[H_alt=drop],stative,a_stem,a_present,True,False,False,anhetsoska,kanetsoska,anhetsosko'i,unhetsonv'i,hanhetso'vka,unhetsoti
206,212,he/she is setting it down,StativeNoImp,perfective,unhv'i,ahvskv'i,hvs,[H_alt=glot],stative-k,cons_stem,a_present,True,False,False,ahvska,tsi'vska,ahvsko'i,unhv'i,hihvka,uhti
206,212,he/she is setting it down,StativeNoImp,perfective,unhv'i,ahvskv'i,hvs,[H_alt=glot],stative-k,cons_stem,a_present,True,False,True,ahvska,tsi'vska,ahvsko'i,unhv'i,hihvka,uhti
206,212,he/she is setting it down,StativeNoImp,perfective,unhv'i,ahvskv'i,hvsk,[H_alt=glot],stative,cons_stem,a_present,True,False,True,ahvska,tsi'vska,ahvsko'i,unhv'i,hihvka,uhti
206,212,he/she is setting it down,StativeNoImp,perfective,unhv'i,ahvskv'i,hvsk,[H_alt=glot],stative,cons_stem,a_present,True,False,False,ahvska,tsi'vska,ahvsko'i,unhv'i,hihvka,uhti
209,215,he/she is taking it somewhere,Eventful,infinitive,uwithti,uwhithti,whit,[H_alt=drop],ih-vh,cons_stem,a_present,True,False,False,awhitiha,tsiwitiha,awhitisko'i,uwhitvhv'i,hiwhita,uwithti
209,215,he/she is taking it somewhere,Eventful,infinitive,uwithti,uwhithti,whit,[H_alt=drop],ih-vh,cons_stem,a_present,True,False,True,awhitiha,tsiwitiha,awhitisko'i,uwhitvhv'i,hiwhita,uwithti
212,218,he/she is peeling it,Eventful,imperative,hiyhahkhetsa,hiyahkheta; hiyhahkheta,yhahkhet,[H_alt=drop],sk-s-a,cons_stem,a_present,True,False,True,ayhahkhetska,tsiyahkhetska,ayhahkhetsko'i,uyhahkhetsv'i,hiyhahkhetsa,uyhahkhetsti
212,218,he/she is peeling it,Eventful,imperative,hiyhahkhetsa,hiyhahkheta,yhahkhet,[H_alt=drop],sk-s-a,cons_stem,a_present,True,False,False,ayhahkhetska,tsiyahkhetska,ayhahkhetsko'i,uyhahkhetsv'i,hiyhahkhetsa,uyhahkhetsti
212,218,he/she is peeling it,Eventful,imperative,hiyhahkhetsa,hiyhahkhet,yhahkhet,[H_alt=drop],sk-s-hst,cons_stem,a_present,True,False,False,ayhahkhetska,tsiyahkhetska,ayhahkhetsko'i,uyhahkhetsv'i,hiyhahkhetsa,uyhahkhetsti
212,218,he/she is peeling it,Eventful,imperative,hiyhahkhetsa,hiyahkhet; hiyhahkhet,yhahkhet,[H_alt=drop],sk-s-hst,cons_stem,a_present,True,False,True,ayhahkhetska,tsiyahkhetska,ayhahkhetsko'i,uyhahkhetsv'i,hiyhahkhetsa,uyhahkhetsti
212,218,he/she is peeling it,Eventful,imperative,hiyhahkhetsa,hiyahkhetla; hiyhahkhetla,yhahkhet,[H_alt=drop],sk-s-la,cons_stem,a_present,True,False,True,ayhahkhetska,tsiyahkhetska,ayhahkhetsko'i,uyhahkhetsv'i,hiyhahkhetsa,uyhahkhetsti
212,218,he/she is peeling it,Eventful,imperative,hiyhahkhetsa,hiyhahkhetla,yhahkhet,[H_alt=drop],sk-s-la,cons_stem,a_present,True,False,False,ayhahkhetska,tsiyahkhetska,ayhahkhetsko'i,uyhahkhetsv'i,hiyhahkhetsa,uyhahkhetsti
214,220,it’s becoming frosty (refers to the ground),Eventful,infinitive,uyhahthvthti,uayhahthhti; uyhahthhti,ayhahth,[H_alt=none],episodic,a_stem,a_present,True,False,True,ayhahthvhvska,,ayhahthvhvsko'i,uyhahthvnhv'i,,uyhahthvthti
214,220,it’s becoming frosty (refers to the ground),Eventful,infinitive,uyhahthvthti,uayhahthhti; uyhahthhti,ayhahth,[H_alt=none],episodic,a_stem,a_present,True,False,False,ayhahthvhvska,,ayhahthvhvsko'i,uyhahthvnhv'i,,uyhahthvthti
214,220,it’s becoming frosty (refers to the ground),Eventful,infinitive,uyhahthvthti,uayhahthvhti; uyhahthvhti,ayhahthv,[H_alt=none],hvsk-nh,a_stem,a_present,True,False,False,ayhahthvhvska,,ayhahthvhvsko'i,uyhahthvnhv'i,,uyhahthvthti
214,220,it’s becoming frosty (refers to the ground),Eventful,infinitive,uyhahthvthti,uayhahthvhti; uyhahthvhti,ayhahthv,[H_alt=none],hvsk-nh,a_stem,a_present,True,False,True,ayhahthvhvska,,ayhahthvhvsko'i,uyhahthvnhv'i,,uyhahthvthti
214,220,it’s becoming frosty (refers to the ground),Eventful,infinitive,uyhahthvthti,uayhahthvhvsti; uyhahthvhvsti,ayhahthv,[H_alt=none],terminative-no-o,a_stem,a_present,True,False,True,ayhahthvhvska,,ayhahthvhvsko'i,uyhahthvnhv'i,,uyhahthvthti
214,220,it’s becoming frosty (refers to the ground),Eventful,infinitive,uyhahthvthti,uayhahthvhvsti; uyhahthvhvsti,ayhahthv,[H_alt=none],terminative-no-o,a_stem,a_present,True,False,False,ayhahthvhvska,,ayhahthvhvsko'i,uyhahthvnhv'i,,uyhahthvthti
214,220,it’s becoming frosty (refers to the ground),Eventful,infinitive,uyhahthvthti,uyhahthhti,yhahth,[H_alt=none],episodic,cons_stem,a_present,True,False,False,ayhahthvhvska,,ayhahthvhvsko'i,uyhahthvnhv'i,,uyhahthvthti
214,220,it’s becoming frosty (refers to the ground),Eventful,infinitive,uyhahthvthti,uyhahthhti,yhahth,[H_alt=none],episodic,cons_stem,a_present,True,False,True,ayhahthvhvska,,ayhahthvhvsko'i,uyhahthvnhv'i,,uyhahthvthti
214,220,it’s becoming frosty (refers to the ground),Eventful,infinitive,uyhahthvthti,uyhahthvhti,yhahthv,[H_alt=none],hvsk-nh,cons_stem,a_present,True,False,False,ayhahthvhvska,,ayhahthvhvsko'i,uyhahthvnhv'i,,uyhahthvthti
214,220,it’s becoming frosty (refers to the ground),Eventful,infinitive,uyhahthvthti,uyhahthvhti,yhahthv,[H_alt=none],hvsk-nh,cons_stem,a_present,True,False,True,ayhahthvhvska,,ayhahthvhvsko'i,uyhahthvnhv'i,,uyhahthvthti
214,220,it’s becoming frosty (refers to the ground),Eventful,infinitive,uyhahthvthti,uyhahthvhvsti,yhahthv,[H_alt=none],terminative-no-o,cons_stem,a_present,True,False,True,ayhahthvhvska,,ayhahthvhvsko'i,uyhahthvnhv'i,,uyhahthvthti
214,220,it’s becoming frosty (refers to the ground),Eventful,infinitive,uyhahthvthti,uyhahthvhvsti,yhahthv,[H_alt=none],terminative-no-o,cons_stem,a_present,True,False,False,ayhahthvhvska,,ayhahthvhvsko'i,uyhahthvnhv'i,,uyhahthvthti
219,225,he/she is making an incision,Eventful,infinitive,uyhelhsti,uyhelsti,yhel,[H_alt=drop],oh-al,cons_stem,a_present,True,False,True,ayhelhoha,tsiyelhoha,ayhelhoho'i,uyhelhalv'i,hiyelaka,uyhelhsti
222,228,he/she is looking for him/her,Eventful,infinitive,uyhsti,uysti,y,[H_alt=drop],oh-al,cons_stem,a_present,True,False,False,ayhoha,tsiyoha,ayhoho'i,uyhalv'i,hiyhka,uyhsti
222,228,he/she is looking for him/her,Eventful,infinitive,uyhsti,uysti,y,[H_alt=drop],oh-al,cons_stem,a_present,True,False,True,ayhoha,tsiyoha,ayhoho'i,uyhalv'i,hiyhka,uyhsti
230,236,he/she is kicking him/her,Eventful,imperative,hiyayhthaki,hayhvhthaki; hiyayvhthaki,ayhvhth,[H_alt=drop],rev-e,a_stem,a_present,True,False,True,ayhvhthe'a,tsiyayvhthe'a,ayhvhthesko'i,uyhvhthesv'i,hiyayhthaki,uyhvhthesti
240,246,he/she is getting in (in a car‚ box‚ etc),Eventful,infinitive,utsoti,uatsati; utsati,atsa,[H_alt=none],vsk-post-v,a_stem,a_present,True,False,False,atsa'vska,katsa'vska,atsa'vsko'i,utsanv'i,hatsa'vka,utsoti
244,250,he/she is spilling it (refers to a liquid or non-liquid like salt‚ sugar),Eventful,infinitive,utsewasti,uatsewisti; utsewisti,atsew,[H_alt=none],i-a-i,a_stem,a_present,True,False,False,atsewi'a,katsewi'a,atsewisko'i,utsewv'i,hatsewa,utsewasti
263,270,he/she is swallowing it,Eventful,present_1sg,tsi'kiska,tsikhiska,khi,[H_alt=none],sk-s-hi-hihst,cons_stem,a_present,True,False,False,akhiska,tsi'kiska,akhisko'i,ukhisv'i,hikhihi,ukhihisti
263,270,he/she is swallowing it,Eventful,present_1sg,tsi'kiska,tsikhiska,khi,[H_alt=none],sk-s-hi-hihst,cons_stem,a_present,True,False,True,akhiska,tsi'kiska,akhisko'i,ukhisv'i,hikhihi,ukhihisti
283,290,he/she is waiting for him/her,StativeNoImp,perfective,ukhthitv'i,akhthiyv'i,khthiy,[H_alt=vowel_a],stative,cons_stem,a_present,True,False,False,akhthiya,tsikathiya,akhthiyo'i,ukhthitv'i,hikathita,ukhthitisti
283,290,he/she is waiting for him/her,StativeNoImp,perfective,ukhthitv'i,akhthiyv'i,khthiy,[H_alt=vowel_a],stative,cons_stem,a_present,True,False,True,akhthiya,tsikathiya,akhthiyo'i,ukhthitv'i,hikathita,ukhthitisti
286,293,he/she is becoming wise,StativeNoImp,perfective,ukhthohvsv'i,akhthohvskv'i,khthohvs,[H_alt=vowel_a],stative-k,cons_stem,a_present,True,False,False,akhthohvska,tsikathohvska,akhthohvsko'i,ukhthohvsv'i,hikhtho'vhi,ukhtho'vhisti
286,293,he/she is becoming wise,StativeNoImp,perfective,ukhthohvsv'i,akhthohvskv'i,khthohvs,[H_alt=vowel_a],stative-k,cons_stem,a_present,True,False,True,akhthohvska,tsikathohvska,akhthohvsko'i,ukhthohvsv'i,hikhtho'vhi,ukhtho'vhisti
286,293,he/she is becoming wise,StativeNoImp,perfective,ukhthohvsv'i,akhthohvskv'i,khthohvsk,[H_alt=vowel_a],stative,cons_stem,a_present,True,False,False,akhthohvska,tsikathohvska,akhthohvsko'i,ukhthohvsv'i,hikhtho'vhi,ukhtho'vhisti
286,293,he/she is becoming wise,StativeNoImp,perfective,ukhthohvsv'i,akhthohvskv'i,khthohvsk,[H_alt=vowel_a],stative,cons_stem,a_present,True,False,True,akhthohvska,tsikathohvska,akhthohvsko'i,ukhthohvsv'i,hikhtho'vhi,ukhtho'vhisti
291,298,he/she is dipping liquid,Eventful,present_1sg,tsi'kuki'a,tsikhuki'a,khu,[H_alt=none],rev-gi,cons_stem,a_present,True,False,True,akhuki'a,tsi'kuki'a,akhukisko'i,ukhukisv'i,hikhuki,ukhukisti
291,298,he/she is dipping liquid,Eventful,present_1sg,tsi'kuki'a,tsikhuki'a,khu,[H_alt=none],rev-gi,cons_stem,a_present,True,False,False,akhuki'a,tsi'kuki'a,akhukisko'i,ukhukisv'i,hikhuki,ukhukisti
291,298,he/she is dipping liquid,Eventful,present_1sg,tsi'kuki'a,tsikhuki'a,khuk,[H_alt=none],rev-i,cons_stem,a_present,True,False,False,akhuki'a,tsi'kuki'a,akhukisko'i,ukhukisv'i,hikhuki,ukhukisti
291,298,he/she is dipping liquid,Eventful,present_1sg,tsi'kuki'a,tsikhuki'a,khuk,[H_alt=none],rev-i,cons_stem,a_present,True,False,True,akhuki'a,tsi'kuki'a,akhukisko'i,ukhukisv'i,hikhuki,ukhukisti
305,312,he/she is placing it in an upright position (refers to a long object),Eventful,present_1sg,kaletiha,tsiyalehtiha,aleht,[H_alt=none],cause,a_stem,a_present,True,False,True,alehtiha,kaletiha,alehtisko'i,ulehthanv'i,halehta,ulehtohti
305,312,he/she is placing it in an upright position (refers to a long object),Eventful,present_1sg,kaletiha,kalehtiha,aleht,[H_alt=none],cause,a_stem,a_present,True,False,False,alehtiha,kaletiha,alehtisko'i,ulehthanv'i,halehta,ulehtohti
309,316,he/she is starting,Eventful,present_1sg,kaleni'a,tsiyaleniha,alen,[H_alt=none],ih-vh,a_stem,a_present,True,False,True,aleniha,kaleni'a,alenisko'i,ulenvhv'i,halena,ulenhti
309,316,he/she is starting,Eventful,present_1sg,kaleni'a,kaleniha,alen,[H_alt=none],ih-vh,a_stem,a_present,True,False,False,aleniha,kaleni'a,alenisko'i,ulenvhv'i,halena,ulenhti
311,318,it’s boiling,Eventful,infinitive,ulilhti,ualitlhti; ulitlhti,alitl,[H_alt=none],ih-vh,a_stem,a_present,True,False,True,alitliha,,alitlisko'i,ulitlvhv'i,,ulilhti
311,318,it’s boiling,Eventful,infinitive,ulilhti,ualitlhti; ulitlhti,alitl,[H_alt=none],ih-vh,a_stem,a_present,True,False,False,alitliha,,alitlisko'i,ulitlvhv'i,,ulilhti
311,318,it’s boiling,Eventful,infinitive,ulilhti,ulitlhti,litl,[H_alt=none],ih-vh,cons_stem,a_present,True,False,False,alitliha,,alitlisko'i,ulitlvhv'i,,ulilhti
311,318,it’s boiling,Eventful,infinitive,ulilhti,ulitlhti,litl,[H_alt=none],ih-vh,cons_stem,a_present,True,False,True,alitliha,,alitlisko'i,ulitlvhv'i,,ulilhti
324,331,he/she is spitting,Eventful,perfective,ultsikwhv'i,ualtsikwhsv'i; ultsikwhsv'i,altsikwh,[H_alt=none],sk-s-a,a_stem,a_present,True,False,False,altsikwhska,kaltsikwhska,altsikwhsko'i,ultsikwhv'i,haltsikwha,ultsikwhsti
335,342,he/she is shaking his/her head,Eventful,infinitive,ulhstvnhti,ualhstvnsti; ulhstvnsti,alhstvn,[H_alt=vowel_i],hih-hil,a_stem,a_present,True,False,False,alhstvnhiha,kalistvnhiha,alhstvnhiho'i,ulhstvnhilv'i,halhstvnhka,ulhstvnhti
342,349,he/she is putting his/her hat on,Eventful,infinitive,ulhskwethusti,ualhskwethuhti; ulhskwethuhti,alhskwethu,[H_alt=vowel_i],hvsk-nh,a_stem,a_present,True,False,False,alhskwethuhvska,kaliskwethuhvska,alhskwethuhvsko'i,ulhskwethunhv'i,halhskwethuhvka,ulhskwethusti
389,396,he/she is closing it,Eventful,infinitive,ustuti,ustuhti,stu,[H_alt=none],hvsk-nh,cons_stem,a_present,True,False,False,astuhvska,tsistuhvska,astuhvsko'i,ustunhv'i,histuhvka,ustuti
389,396,he/she is closing it,Eventful,infinitive,ustuti,ustuhti,stu,[H_alt=none],hvsk-nh,cons_stem,a_present,True,False,True,astuhvska,tsistuhvska,astuhvsko'i,ustunhv'i,histuhvka,ustuti
395,402,he/she is showing him/her,Eventful,infinitive,ushehti,uasehehti; usehehti,aseh,[H_alt=none],apl,a_stem,a_present,True,False,True,aseheha,tsiyaseheha,aseheho'i,usehelv'i,hiyasehisi,ushehti
401,408,he/she is afraid,StativeNoImp,perfective,uskalv'i,askahv'i,ska,[H_alt=none],stative-h,cons_stem,a_present,True,False,True,askaha,tsiskaha,askaho'i,uskalv'i,hiskaya,uskasti
401,408,he/she is afraid,StativeNoImp,perfective,uskalv'i,askahv'i,ska,[H_alt=none],stative-h,cons_stem,a_present,True,False,False,askaha,tsiskaha,askaho'i,uskalv'i,hiskaya,uskasti
401,408,he/she is afraid,StativeNoImp,perfective,uskalv'i,askahv'i,skah,[H_alt=none],stative,cons_stem,a_present,True,False,False,askaha,tsiskaha,askaho'i,uskalv'i,hiskaya,uskasti
401,408,he/she is afraid,StativeNoImp,perfective,uskalv'i,askahv'i,skah,[H_alt=none],stative,cons_stem,a_present,True,False,True,askaha,tsiskaha,askaho'i,uskalv'i,hiskaya,uskasti
402,409,he/she is biting him/her,Eventful,imperative,hiskala,hiskalhki,skalh,[H_alt=none],become,cons_stem,a_present,True,False,False,askalhka,tsiskalhka,askalhko'i,uskalhtsv'i,hiskala,uskalhsti
402,409,he/she is biting him/her,Eventful,imperative,hiskala,hiskalhki,skalh,[H_alt=none],become,cons_stem,a_present,True,False,True,askalhka,tsiskalhka,askalhko'i,uskalhtsv'i,hiskala,uskalhsti
410,417,he/she is dreaming about him/her,Eventful,imperative,hiyaskitsa,haskita; hiyaskita,askit,[H_alt=none],sk-s-a,a_stem,a_present,True,False,True,askitska,tsiyaskitska,askitsko'i,uskitsv'i,hiyaskitsa,uskitsti
410,417,he/she is dreaming about him/her,Eventful,imperative,hiyaskitsa,haskit; hiyaskit,askit,[H_alt=none],sk-s-hst,a_stem,a_present,True,False,True,askitska,tsiyaskitska,askitsko'i,uskitsv'i,hiyaskitsa,uskitsti
410,417,he/she is dreaming about him/her,Eventful,imperative,hiyaskitsa,haskitla; hiyaskitla,askit,[H_alt=none],sk-s-la,a_stem,a_present,True,False,True,askitska,tsiyaskitska,askitsko'i,uskitsv'i,hiyaskitsa,uskitsti
412,419,he/she is mourning for him/her,Eventful,infinitive,uskonhsti,uskonsti,skon,[H_alt=none],hih-hil,cons_stem,a_present,True,False,True,askonhiha,tsiskonhiha,askonhiho'i,uskonhilv'i,hiskonhka,uskonhsti
412,419,he/she is mourning for him/her,Eventful,infinitive,uskonhsti,uskonsti,skon,[H_alt=none],hih-hil,cons_stem,a_present,True,False,False,askonhiha,tsiskonhiha,askonhiho'i,uskonhilv'i,hiskonhka,uskonhsti
414,421,he/she is erasing it,Eventful,perfective,uskolvti'i,uskolvtv'i,skolvt,[H_alt=none],i-a-i,cons_stem,a_present,True,False,False,askolvti'a,tsiskolvti'a,askolvtisko'i,uskolvti'i,hiskolvta,uskolvtisti
414,421,he/she is erasing it,Eventful,perfective,uskolvti'i,uskolvtv'i,skolvt,[H_alt=none],i-a-i,cons_stem,a_present,True,False,True,askolvti'a,tsiskolvti'a,askolvtisko'i,uskolvti'i,hiskolvta,uskolvtisti
424,431,he/she is breaking it (refers to a long object),Eventful,present_1sg,tsiskwalhska,tsiskwalska,skwalh,[H_alt=drop],sk-s-a,cons_stem,a_present,True,False,True,askwalhska,tsiskwalhska,askwalhsko'i,uskwalhsv'i,hiskwala,uskwalhsti
428,435,he/she is sucking it,Eventful,imperative,hiskwanutsa,hiskwanuta,skwanut,[H_alt=none],sk-s-a,cons_stem,a_present,True,False,False,askwanutska,tsiskwanutska,askwanutsko'i,uskwanutsv'i,hiskwanutsa,uskwanutsti
428,435,he/she is sucking it,Eventful,imperative,hiskwanutsa,hiskwanuta,skwanut,[H_alt=none],sk-s-a,cons_stem,a_present,True,False,True,askwanutska,tsiskwanutska,askwanutsko'i,uskwanutsv'i,hiskwanutsa,uskwanutsti
428,435,he/she is sucking it,Eventful,imperative,hiskwanutsa,hiskwanut,skwanut,[H_alt=none],sk-s-hst,cons_stem,a_present,True,False,True,askwanutska,tsiskwanutska,askwanutsko'i,uskwanutsv'i,hiskwanutsa,uskwanutsti
428,435,he/she is sucking it,Eventful,imperative,hiskwanutsa,hiskwanut,skwanut,[H_alt=none],sk-s-hst,cons_stem,a_present,True,False,False,askwanutska,tsiskwanutska,askwanutsko'i,uskwanutsv'i,hiskwanutsa,uskwanutsti
428,435,he/she is sucking it,Eventful,imperative,hiskwanutsa,hiskwanutla,skwanut,[H_alt=none],sk-s-la,cons_stem,a_present,True,False,True,askwanutska,tsiskwanutska,askwanutsko'i,uskwanutsv'i,hiskwanutsa,uskwanutsti
428,435,he/she is sucking it,Eventful,imperative,hiskwanutsa,hiskwanutla,skwanut,[H_alt=none],sk-s-la,cons_stem,a_present,True,False,False,askwanutska,tsiskwanutska,askwanutsko'i,uskwanutsv'i,hiskwanutsa,uskwanutsti
437,444,he/she is building a fence,Eventful,infinitive,usoyhsti,uasoysti; usoysti,asoy,[H_alt=none],oh-al,a_stem,a_present,True,False,False,asoyhoha,kasoyhoha,asoyhoho'i,usoyhalv'i,hasoyhka,usoyhsti
458,465,he/she is touching him/her,Eventful,infinitive,usvnhsti,uasvnsti; usvnsti,asvn,[H_alt=none],hih-hil,a_stem,a_present,True,False,True,asvnhiha,tsiyasvnhiha,asvnhiho'i,usvnhilv'i,hiyasvnhka,usvnhsti
463,470,he/she is holding his/her breath,Eventful,present_1sg,ka'tawhostiha,tsiyathawhostiha,athawhost,[H_alt=none],cause,a_stem,a_present,True,False,True,athawhostiha,ka'tawhostiha,athawhostisko'i,uthawhosthanv'i,hathawhosta,uthawhostohti
463,470,he/she is holding his/her breath,Eventful,present_1sg,ka'tawhostiha,kathawhostiha,athawhost,[H_alt=none],cause,a_stem,a_present,True,False,False,athawhostiha,ka'tawhostiha,athawhostisko'i,uthawhosthanv'i,hathawhosta,uthawhostohti
465,472,he/she is drilling a hole,Eventful,imperative,hithalaka,hithalea,thale,[H_alt=none],sk-s-a,cons_stem,a_present,True,False,True,athaleska,tsithaleska,athalesko'i,uthalesv'i,hithalaka,uthalesti
465,472,he/she is drilling a hole,Eventful,imperative,hithalaka,hithalea,thale,[H_alt=none],sk-s-a,cons_stem,a_present,True,False,False,athaleska,tsithaleska,athalesko'i,uthalesv'i,hithalaka,uthalesti
465,472,he/she is drilling a hole,Eventful,imperative,hithalaka,hithale,thale,[H_alt=none],sk-s-hst,cons_stem,a_present,True,False,True,athaleska,tsithaleska,athalesko'i,uthalesv'i,hithalaka,uthalesti
465,472,he/she is drilling a hole,Eventful,imperative,hithalaka,hithale,thale,[H_alt=none],sk-s-hst,cons_stem,a_present,True,False,False,athaleska,tsithaleska,athalesko'i,uthalesv'i,hithalaka,uthalesti
465,472,he/she is drilling a hole,Eventful,imperative,hithalaka,hithalela,thale,[H_alt=none],sk-s-la,cons_stem,a_present,True,False,True,athaleska,tsithaleska,athalesko'i,uthalesv'i,hithalaka,uthalesti
465,472,he/she is drilling a hole,Eventful,imperative,hithalaka,hithalela,thale,[H_alt=none],sk-s-la,cons_stem,a_present,True,False,False,athaleska,tsithaleska,athalesko'i,uthalesv'i,hithalaka,uthalesti
470,477,he/she is exploding it,Eventful,present_1sg,tsithaskistiha,tsiyathaskistiha,athaskist,[H_alt=none],cause,a_stem,a_present,True,False,True,athaskistiha,tsithaskistiha,athaskistisko'i,uthaskisthanv'i,hathaskista,uthaskistohti
470,477,he/she is exploding it,Eventful,present_1sg,tsithaskistiha,kathaskistiha,athaskist,[H_alt=none],cause,a_stem,a_present,True,False,False,athaskistiha,tsithaskistiha,athaskistisko'i,uthaskisthanv'i,hathaskista,uthaskistohti
473,480,he/she is combing someone’s hair,Eventful,infinitive,uthasosti,uthawosti,thaw,[H_alt=none],o,cons_stem,a_present,True,False,True,athawo'a,tsithawo'a,athawosko'i,uthawo'v'i,hithawotsa,uthasosti
473,480,he/she is combing someone’s hair,Eventful,infinitive,uthasosti,uthawosti,thaw,[H_alt=none],o,cons_stem,a_present,True,False,False,athawo'a,tsithawo'a,athawosko'i,uthawo'v'i,hithawotsa,uthasosti
475,482,he/she is joining,Eventful,present_1sg,kate'lati'a,tsiyathelati'a,athelat,[H_alt=none],i-a-i,a_stem,a_present,True,False,True,athelati'a,kate'lati'a,athelatisko'i,uthelatv'i,hathelata,uthelatisti
475,482,he/she is joining,Eventful,present_1sg,kate'lati'a,kathelati'a,athelat,[H_alt=none],i-a-i,a_stem,a_present,True,False,False,athelati'a,kate'lati'a,athelatisko'i,uthelatv'i,hathelata,uthelatisti
480,487,he/she is arguing,Eventful,present_1sg,ka'tiyohiha,kathiyohiha,athiyo,[H_alt=none],hih-lh,a_stem,a_present,True,False,False,athiyohiha,ka'tiyohiha,athiyohiho'i,uthiyolhv'i,hathiyoka,uthiyosti
480,487,he/she is arguing,Eventful,present_1sg,ka'tiyohiha,tsiyathiyohiha,athiyo,[H_alt=none],hih-lh,a_stem,a_present,True,False,True,athiyohiha,ka'tiyohiha,athiyohiho'i,uthiyolhv'i,hathiyoka,uthiyosti
487,494,he/she is borrowing him/her,StativeNoImp,perfective,utholhsv'i,atholhskv'i; katholhskv'i,atholhs,[H_alt=none],stative-k,a_stem,a_present,True,False,True,atholhska,tsiyatholhska,atholhsko'i,utholhsv'i,hiyathola,utholhisti
487,494,he/she is borrowing him/her,StativeNoImp,perfective,utholhsv'i,atholhskv'i; katholhskv'i,atholhsk,[H_alt=none],stative,a_stem,a_present,True,False,True,atholhska,tsiyatholhska,atholhsko'i,utholhsv'i,hiyathola,utholhisti
489,496,he/she is taking a bite,Eventful,present_1sg,katsiste'a,katste'a,atst,[H_alt=none],rev-e,a_stem,a_present,True,False,False,atste'a,katsiste'a,atstesko'i,utstesv'i,hatstaki,utstesti
489,496,he/she is taking a bite,Eventful,present_1sg,katsiste'a,tsiyatste'a,atst,[H_alt=none],rev-e,a_stem,a_present,True,False,True,atste'a,katsiste'a,atstesko'i,utstesv'i,hatstaki,utstesti
490,497,he/she is lying,Eventful,present_1sg,katsisko'vska,katsko'vska,atsko,[H_alt=none],vsk-post-v,a_stem,a_present,True,False,False,atsko'vska,katsisko'vska,atsko'vsko'i,utskonv'i,hatsko'vka,utskoti
490,497,he/she is lying,Eventful,present_1sg,katsisko'vska,tsiyatsko'vska,atsko,[H_alt=none],vsk-post-v,a_stem,a_present,True,False,True,atsko'vska,katsisko'vska,atsko'vsko'i,utskonv'i,hatsko'vka,utskoti
491,498,he/she is taking a drink (refers to alcoholic beverage),Eventful,present_1sg,ka'tuki'a,kathuki'a,athu,[H_alt=none],rev-gi,a_stem,a_present,True,False,False,athuki'a,ka'tuki'a,athukisko'i,uthukisv'i,hathuki,uthukisti
491,498,he/she is taking a drink (refers to alcoholic beverage),Eventful,present_1sg,ka'tuki'a,tsiyathuki'a,athu,[H_alt=none],rev-gi,a_stem,a_present,True,False,True,athuki'a,ka'tuki'a,athukisko'i,uthukisv'i,hathuki,uthukisti
491,498,he/she is taking a drink (refers to alcoholic beverage),Eventful,present_1sg,ka'tuki'a,kathuki'a,athuk,[H_alt=none],rev-i,a_stem,a_present,True,False,False,athuki'a,ka'tuki'a,athukisko'i,uthukisv'i,hathuki,uthukisti
491,498,he/she is taking a drink (refers to alcoholic beverage),Eventful,present_1sg,ka'tuki'a,tsiyathuki'a,athuk,[H_alt=none],rev-i,a_stem,a_present,True,False,True,athuki'a,ka'tuki'a,athukisko'i,uthukisv'i,hathuki,uthukisti
498,505,he/she is growing,Eventful,present_1sg,ka'tvska,tsiyathvska,athv,[H_alt=none],sk-s-hi-hihst,a_stem,a_present,True,False,True,athvska,ka'tvska,athvsko'i,uthvsv'i,hathvhi,uthvhisti
498,505,he/she is growing,Eventful,present_1sg,ka'tvska,kathvska,athv,[H_alt=none],sk-s-hi-hihst,a_stem,a_present,True,False,False,athvska,ka'tvska,athvsko'i,uthvsv'i,hathvhi,uthvhisti
504,511,he/she is distributing it,StativeNoImp,perfective,uyatholhv'i,ayathohihv'i,yathohi,[H_alt=none],stative-h,cons_stem,a_present,True,False,True,ayathohiha,tsiyathohiha,ayathohiho'i,uyatholhv'i,hiyathohi,uyathohisti
504,511,he/she is distributing it,StativeNoImp,perfective,uyatholhv'i,ayathohihv'i,yathohi,[H_alt=none],stative-h,cons_stem,a_present,True,False,False,ayathohiha,tsiyathohiha,ayathohiho'i,uyatholhv'i,hiyathohi,uyathohisti
504,511,he/she is distributing it,StativeNoImp,perfective,uyatholhv'i,ayathohihv'i,yathohih,[H_alt=none],stative,cons_stem,a_present,True,False,False,ayathohiha,tsiyathohiha,ayathohiho'i,uyatholhv'i,hiyathohi,uyathohisti
504,511,he/she is distributing it,StativeNoImp,perfective,uyatholhv'i,ayathohihv'i,yathohih,[H_alt=none],stative,cons_stem,a_present,True,False,True,ayathohiha,tsiyathohiha,ayathohiho'i,uyatholhv'i,hiyathohi,uyathohisti
512,519,it’s crowing (refers to a rooster),StativeNoImp,perfective,uyvlhsv'i,ayhkv'i; kayhkv'i,ayh,[H_alt=none],stative-k,a_stem,a_present,True,False,False,ayhka,kayhka,ayhko'i,uyvlhsv'i,hayvla,uyvlhisti
512,519,it’s crowing (refers to a rooster),StativeNoImp,perfective,uyvlhsv'i,ayhkv'i; kayhkv'i,ayhk,[H_alt=none],stative,a_stem,a_present,True,False,False,ayhka,kayhka,ayhko'i,uyvlhsv'i,hayvla,uyvlhisti
513,520,he/she is getting it (refers to a long object),Eventful,present_1sg,tsiyi'a,tsiyiha,y,[H_alt=none],ih-vh,cons_stem,a_present,True,False,False,ayiha,tsiyi'a,ayisko'i,uyvhv'i,hiya,uyhti
513,520,he/she is getting it (refers to a long object),Eventful,present_1sg,tsiyi'a,tsiyiha,y,[H_alt=none],ih-vh,cons_stem,a_present,True,False,True,ayiha,tsiyi'a,ayisko'i,uyvhv'i,hiya,uyhti
517,524,he/she is taking a break,Eventful,present_1sg,tsi'yohistiha,tsiyohistiha,yohist,[H_alt=none],cause,cons_stem,a_present,True,False,False,ayohistiha,tsi'yohistiha,ayohistisko'i,uyohisthanv'i,hiyohista,uyohistohti
517,524,he/she is taking a break,Eventful,present_1sg,tsi'yohistiha,tsiyohistiha,yohist,[H_alt=none],cause,cons_stem,a_present,True,False,True,ayohistiha,tsi'yohistiha,ayohistisko'i,uyohisthanv'i,hiyohista,uyohistohti
546,556,he/she is teaching,Eventful,perfective,tuteyonhv'i,tuateyhohanv'i; tuteyhohanv'i,ateyho,[H_alt=drop],hvsk-han,a_stem,a_present,True,False,False,tateyhohvska,tekateyohvska,tateyhohvsko'i,tuteyonhv'i,thateyhohvka,tsuteyhohti
546,556,he/she is teaching,Eventful,perfective,tuteyonhv'i,tuateyhonv'i; tuteyhonv'i,ateyho,[H_alt=drop],hvsk-n,a_stem,a_present,True,False,False,tateyhohvska,tekateyohvska,tateyhohvsko'i,tuteyonhv'i,thateyhohvka,tsuteyhohti
546,556,he/she is teaching,Eventful,perfective,tuteyonhv'i,tuateyhonhv'i; tuteyhonhv'i,ateyho,[H_alt=drop],hvsk-nh,a_stem,a_present,True,False,False,tateyhohvska,tekateyohvska,tateyhohvsko'i,tuteyonhv'i,thateyhohvka,tsuteyhohti
546,556,he/she is teaching,Eventful,perfective,tuteyonhv'i,tuateyhonhv'i; tuteyhonhv'i,ateyho,[H_alt=drop],hvsk-nh,a_stem,a_present,True,False,False,tateyhohvska,tekateyohvska,tateyhohvsko'i,tuteyonhv'i,thateyhohvka,tsuteyhohti
547,557,he/she is weeping,Eventful,infinitive,tsutloyhsti,tsuatloysti; tsutloysti,atloy,[H_alt=drop],hih-hil,a_stem,a_present,True,False,False,tatloyhiha,tekatloyiha,tatloyhiho'i,tutloyhilv'i,thatloyhka,tsutloyhsti
557,567,he/she is changing clothes,Eventful,present_1sg,tekaniwa'iyv'a,tetsiyanhawa'iyv'a,anhawa'iy,[H_alt=none],v-vhs,a_stem,a_present,True,False,True,tanhawa'iyv'a,tekaniwa'iyv'a,tanhawa'iyvsko'i,tunhawa'iyvsv'i,thanhawa'iyvna,tsunhawa'iyvsti
557,567,he/she is changing clothes,Eventful,present_1sg,tekaniwa'iyv'a,tekanhawa'iyv'a,anhawa'iy,[H_alt=none],v-vhs,a_stem,a_present,True,False,False,tanhawa'iyv'a,tekaniwa'iyv'a,tanhawa'iyvsko'i,tunhawa'iyvsv'i,thanhawa'iyvna,tsunhawa'iyvsti
558,568,he/she is undressing,Eventful,present_1sg,tekaniwe'a,tekanhawe'a,anhaw,[H_alt=none],rev-e,a_stem,a_present,True,False,False,tanhawe'a,tekaniwe'a,tanhawesko'i,tunhawesv'i,thanhawaki,tsunhawesti
558,568,he/she is undressing,Eventful,present_1sg,tekaniwe'a,tetsiyanhawe'a,anhaw,[H_alt=none],rev-e,a_stem,a_present,True,False,True,tanhawe'a,tekaniwe'a,tanhawesko'i,tunhawesv'i,thanhawaki,tsunhawesti
559,569,he/she is putting on clothes,Eventful,present_1sg,tekaniwo'a,tetsiyanhawo'a,anhaw,[H_alt=none],o,a_stem,a_present,True,False,True,tanhawo'a,tekaniwo'a,tanhawosko'i,tunhawo'v'i,thanhawotsa,tsunhawosti
559,569,he/she is putting on clothes,Eventful,present_1sg,tekaniwo'a,tekanhawo'a,anhaw,[H_alt=none],o,a_stem,a_present,True,False,False,tanhawo'a,tekaniwo'a,tanhawosko'i,tunhawo'v'i,thanhawotsa,tsunhawosti
564,574,he/she is squatting,Eventful,infinitive,tsukilhusti,tsuatsilhusti; tsutsilhusti,atsil,[H_alt=none],husk,a_stem,a_present,True,False,False,tatsilhuska,tekatsilhuska,tatsilhusko'i,tutsilhunv'i,thatsilhuka,tsukilhusti
568,578,he/she is becoming blind,Eventful,present_1sg,tetsi'kewaka,tetsikhewaka,khewa,[H_alt=none],become,cons_stem,a_present,True,False,True,takhewaka,tetsi'kewaka,takhewako'i,tukhewatsv'i,thikhewaki,tsukhewa'isti
568,578,he/she is becoming blind,Eventful,present_1sg,tetsi'kewaka,tetsikhewaka,khewa,[H_alt=none],become,cons_stem,a_present,True,False,False,takhewaka,tetsi'kewaka,takhewako'i,tukhewatsv'i,thikhewaki,tsukhewa'isti
579,589,he/she is sprinkling it (with a liquid‚ powder‚ salt‚ etc.),Eventful,infinitive,tsukwhakoti,tsukwhayoti,kwhayo,[H_alt=none],vsk-post-v,cons_stem,a_present,True,False,False,takwhayo'vska,tetsikwhayo'vska,takwhayo'vsko'i,tukwhayonv'i,thikwhayo'vka,tsukwhakoti
579,589,he/she is sprinkling it (with a liquid‚ powder‚ salt‚ etc.),Eventful,infinitive,tsukwhakoti,tsukwhayoti,kwhayo,[H_alt=none],vsk-post-v,cons_stem,a_present,True,False,True,takwhayo'vska,tetsikwhayo'vska,takwhayo'vsko'i,tukwhayonv'i,thikwhayo'vka,tsukwhakoti
613,623,he/she is ironing,Eventful,imperative,thithvla,thithea,the,[H_alt=none],sk-s-a,cons_stem,a_present,True,False,False,tatheska,tetsitheska,tathesko'i,tuthesv'i,thithvla,tsuthesti
613,623,he/she is ironing,Eventful,imperative,thithvla,thithea,the,[H_alt=none],sk-s-a,cons_stem,a_present,True,False,True,tatheska,tetsitheska,tathesko'i,tuthesv'i,thithvla,tsuthesti
613,623,he/she is ironing,Eventful,imperative,thithvla,thithe,the,[H_alt=none],sk-s-hst,cons_stem,a_present,True,False,True,tatheska,tetsitheska,tathesko'i,tuthesv'i,thithvla,tsuthesti
613,623,he/she is ironing,Eventful,imperative,thithvla,thithe,the,[H_alt=none],sk-s-hst,cons_stem,a_present,True,False,False,tatheska,tetsitheska,tathesko'i,tuthesv'i,thithvla,tsuthesti
613,623,he/she is ironing,Eventful,imperative,thithvla,thithela,the,[H_alt=none],sk-s-la,cons_stem,a_present,True,False,False,tatheska,tetsitheska,tathesko'i,tuthesv'i,thithvla,tsuthesti
613,623,he/she is ironing,Eventful,imperative,thithvla,thithela,the,[H_alt=none],sk-s-la,cons_stem,a_present,True,False,True,tatheska,tetsitheska,tathesko'i,tuthesv'i,thithvla,tsuthesti
621,632,he/she is crossing (refers to a road‚ bridge‚ etc.),StativeNoImp,perfective,tunatiwhsv'i,tekanatiwhskv'i,natiwhs,[H_alt=none],stative-k,r_stem,a_present,True,False,True,tekanatiwhska,tetsinatiwhska,tekanatiwhsko'i,tunatiwhsv'i,thinatiwhi,tsunatiwhisti
621,632,he/she is crossing (refers to a road‚ bridge‚ etc.),StativeNoImp,perfective,tunatiwhsv'i,tekanatiwhskv'i,natiwhs,[H_alt=none],stative-k,r_stem,a_present,True,False,False,tekanatiwhska,tetsinatiwhska,tekanatiwhsko'i,tunatiwhsv'i,thinatiwhi,tsunatiwhisti
621,632,he/she is crossing (refers to a road‚ bridge‚ etc.),StativeNoImp,perfective,tunatiwhsv'i,tekanatiwhskv'i,natiwhsk,[H_alt=none],stative,r_stem,a_present,True,False,False,tekanatiwhska,tetsinatiwhska,tekanatiwhsko'i,tunatiwhsv'i,thinatiwhi,tsunatiwhisti
621,632,he/she is crossing (refers to a road‚ bridge‚ etc.),StativeNoImp,perfective,tunatiwhsv'i,tekanatiwhskv'i,natiwhsk,[H_alt=none],stative,r_stem,a_present,True,False,True,tekanatiwhska,tetsinatiwhska,tekanatiwhsko'i,tunatiwhsv'i,thinatiwhi,tsunatiwhisti
743,766,he/she is going,StativeNoImp,perfective,uwenvsv'i,ekv'i,e,[H_alt=none],stative-k,e_stem,a_present,True,False,False,eka,keka,eko'i,uwenvsv'i,hena,uwenvsti
743,766,he/she is going,StativeNoImp,perfective,uwenvsv'i,ekv'i,ek,[H_alt=none],stative,e_stem,a_present,True,False,False,eka,keka,eko'i,uwenvsv'i,hena,uwenvsti
746,769,he/she lives,StativeFutProg,present_1sg,ke'a,keha,e,[H_alt=none],stative-h,e_stem,a_present,True,False,False,eha,ke'a,eho'i,,hehesti,
746,769,he/she lives,StativeFutProg,present_1sg,ke'a,tsiyeha,e,[H_alt=none],stative-h,e_stem,a_present,True,False,True,eha,ke'a,eho'i,,hehesti,
746,769,he/she lives,StativeFutProg,present_1sg,ke'a,keha,eh,[H_alt=none],stative,e_stem,a_present,True,False,False,eha,ke'a,eho'i,,hehesti,
746,769,he/she lives,StativeFutProg,present_1sg,ke'a,tsiyeha,eh,[H_alt=none],stative,e_stem,a_present,True,False,True,eha,ke'a,eho'i,,hehesti,
772,802,he/she is standing,StativeNoImp,present_1sg,tsitoka,katoka,ato,[H_alt=none],stative-k,a_stem,a_present,True,False,False,katoka,tsitoka,katoko'i,,hitokesti,
772,802,he/she is standing,StativeNoImp,present_1sg,tsitoka,tsiyatoka,ato,[H_alt=none],stative-k,a_stem,a_present,True,False,True,katoka,tsitoka,katoko'i,,hitokesti,
772,802,he/she is standing,StativeNoImp,present_1sg,tsitoka,tsiyatoka,ato,[H_alt=none],stative-k,vowel_stem,a_present,True,False,True,katoka,tsitoka,katoko'i,,hitokesti,
772,802,he/she is standing,StativeNoImp,present_1sg,tsitoka,katoka,ato,[H_alt=none],stative-k,vowel_stem,a_present,True,False,False,katoka,tsitoka,katoko'i,,hitokesti,
772,802,he/she is standing,StativeNoImp,present_1sg,tsitoka,katoka,atok,[H_alt=none],stative,a_stem,a_present,True,False,False,katoka,tsitoka,katoko'i,,hitokesti,
772,802,he/she is standing,StativeNoImp,present_1sg,tsitoka,tsiyatoka,atok,[H_alt=none],stative,a_stem,a_present,True,False,True,katoka,tsitoka,katoko'i,,hitokesti,
772,802,he/she is standing,StativeNoImp,present_1sg,tsitoka,tsiyatoka,atok,[H_alt=none],stative,vowel_stem,a_present,True,False,True,katoka,tsitoka,katoko'i,,hitokesti,
772,802,he/she is standing,StativeNoImp,present_1sg,tsitoka,katoka,atok,[H_alt=none],stative,vowel_stem,a_present,True,False,False,katoka,tsitoka,katoko'i,,hitokesti,
809,839,he/she is piling it up,StativeNoImp,perfective,uwalhunv'i,kalhuskv'i,lhus,[H_alt=none],stative-k,r_stem,a_present,True,False,True,kalhuska,tsilhuska,kalhusko'i,uwalhunv'i,hilhuka,uwalhusti
809,839,he/she is piling it up,StativeNoImp,perfective,uwalhunv'i,kalhuskv'i,lhus,[H_alt=none],stative-k,r_stem,a_present,True,False,False,kalhuska,tsilhuska,kalhusko'i,uwalhunv'i,hilhuka,uwalhusti
809,839,he/she is piling it up,StativeNoImp,perfective,uwalhunv'i,kalhuskv'i,lhusk,[H_alt=none],stative,r_stem,a_present,True,False,True,kalhuska,tsilhuska,kalhusko'i,uwalhunv'i,hilhuka,uwalhusti
809,839,he/she is piling it up,StativeNoImp,perfective,uwalhunv'i,kalhuskv'i,lhusk,[H_alt=none],stative,r_stem,a_present,True,False,False,kalhuska,tsilhuska,kalhusko'i,uwalhunv'i,hilhuka,uwalhusti
810,840,he/she is tying him/her up,StativeNoImp,perfective,ulhvlv'i,alhv'ihv'i; kalhv'ihv'i,alhv'i,[H_alt=glot],stative-h,a_stem,a_present,True,False,True,kalhv'iha,tsiya'lv'iha,kalhv'iho'i,ulhvlv'i,hiya'lvtsa,ulhvsti
810,840,he/she is tying him/her up,StativeNoImp,perfective,ulhvlv'i,kalhv'ihv'i,alhv'i,[H_alt=glot],stative-h,vowel_stem,a_present,True,False,True,kalhv'iha,tsiya'lv'iha,kalhv'iho'i,ulhvlv'i,hiya'lvtsa,ulhvsti
810,840,he/she is tying him/her up,StativeNoImp,perfective,ulhvlv'i,alhv'ihv'i; kalhv'ihv'i,alhv'ih,[H_alt=glot],stative,a_stem,a_present,True,False,True,kalhv'iha,tsiya'lv'iha,kalhv'iho'i,ulhvlv'i,hiya'lvtsa,ulhvsti
810,840,he/she is tying him/her up,StativeNoImp,perfective,ulhvlv'i,kalhv'ihv'i,alhv'ih,[H_alt=glot],stative,vowel_stem,a_present,True,False,True,kalhv'iha,tsiya'lv'iha,kalhv'iho'i,ulhvlv'i,hiya'lvtsa,ulhvsti
825,855,he/she is stinging it,StativeNoImp,perfective,uwatsvyhv'i,atsvyhskv'i; katsvyhskv'i,atsvyhs,[H_alt=none],stative-k,a_stem,a_present,True,False,True,katsvyhska,tsiyatsvyhska,katsvyhsko'i,uwatsvyhv'i,hiyatsvyha,uwatsvyhsti
825,855,he/she is stinging it,StativeNoImp,perfective,uwatsvyhv'i,katsvyhskv'i,atsvyhs,[H_alt=none],stative-k,vowel_stem,a_present,True,False,True,katsvyhska,tsiyatsvyhska,katsvyhsko'i,uwatsvyhv'i,hiyatsvyha,uwatsvyhsti
825,855,he/she is stinging it,StativeNoImp,perfective,uwatsvyhv'i,atsvyhskv'i; katsvyhskv'i,atsvyhsk,[H_alt=none],stative,a_stem,a_present,True,False,True,katsvyhska,tsiyatsvyhska,katsvyhsko'i,uwatsvyhv'i,hiyatsvyha,uwatsvyhsti
825,855,he/she is stinging it,StativeNoImp,perfective,uwatsvyhv'i,katsvyhskv'i,atsvyhsk,[H_alt=none],stative,vowel_stem,a_present,True,False,True,katsvyhska,tsiyatsvyhska,katsvyhsko'i,uwatsvyhv'i,hiyatsvyha,uwatsvyhsti
841,871,he/she is taking it out of a container (refers to a long object),Eventful,present_1sg,tsila'a,tsiliha,l,[H_alt=none],ih-vh,r_stem,a_present,True,False,True,kaliha,tsila'a,kalisko'i,ulvhv'i,hila,ulhti
841,871,he/she is taking it out of a container (refers to a long object),Eventful,present_1sg,tsila'a,tsiliha,l,[H_alt=none],ih-vh,r_stem,a_present,True,False,False,kaliha,tsila'a,kalisko'i,ulvhv'i,hila,ulhti
862,892,he/she is chopping it,StativeNoImp,perfective,uluyhv'i,kaluyhskv'i,luyhs,[H_alt=none],stative-k,r_stem,a_present,True,False,True,kaluyhska,tsiluyhska,kaluyhsko'i,uluyhv'i,hiluyha,uluyhsti
862,892,he/she is chopping it,StativeNoImp,perfective,uluyhv'i,kaluyhskv'i,luyhs,[H_alt=none],stative-k,r_stem,a_present,True,False,False,kaluyhska,tsiluyhska,kaluyhsko'i,uluyhv'i,hiluyha,uluyhsti
862,892,he/she is chopping it,StativeNoImp,perfective,uluyhv'i,kaluyhskv'i,luyhsk,[H_alt=none],stative,r_stem,a_present,True,False,True,kaluyhska,tsiluyhska,kaluyhsko'i,uluyhv'i,hiluyha,uluyhsti
862,892,he/she is chopping it,StativeNoImp,perfective,uluyhv'i,kaluyhskv'i,luyhsk,[H_alt=none],stative,r_stem,a_present,True,False,False,kaluyhska,tsiluyhska,kaluyhsko'i,uluyhv'i,hiluyha,uluyhsti
864,894,he/she is beating him/her up,Eventful,infinitive,ulvnhsti,ulvnsti,lvn,[H_alt=none],hih-hil,r_stem,a_present,True,False,False,kalvnhiha,tsilvnhiha,kalvnhiho'i,ulvnhilv'i,hilvnhka,ulvnhsti
864,894,he/she is beating him/her up,Eventful,infinitive,ulvnhsti,ulvnsti,lvn,[H_alt=none],hih-hil,r_stem,a_present,True,False,True,kalvnhiha,tsilvnhiha,kalvnhiho'i,ulvnhilv'i,hilvnhka,ulvnhsti
882,912,he/she is taking it somewhere by hand (refers to a long object),StativeNoImp,perfective,uwanvsv'i,kanekv'i,ne,[H_alt=none],stative-k,r_stem,a_present,True,False,True,kaneka,tsineka,kaneko'i,uwanvsv'i,hinuka,uwanvsti
882,912,he/she is taking it somewhere by hand (refers to a long object),StativeNoImp,perfective,uwanvsv'i,kanekv'i,ne,[H_alt=none],stative-k,r_stem,a_present,True,False,False,kaneka,tsineka,kaneko'i,uwanvsv'i,hinuka,uwanvsti
882,912,he/she is taking it somewhere by hand (refers to a long object),StativeNoImp,perfective,uwanvsv'i,kanekv'i,nek,[H_alt=none],stative,r_stem,a_present,True,False,True,kaneka,tsineka,kaneko'i,uwanvsv'i,hinuka,uwanvsti
882,912,he/she is taking it somewhere by hand (refers to a long object),StativeNoImp,perfective,uwanvsv'i,kanekv'i,nek,[H_alt=none],stative,r_stem,a_present,True,False,False,kaneka,tsineka,kaneko'i,uwanvsv'i,hinuka,uwanvsti
889,919,he/she is giving him/her some liquid,Eventful,imperative,hine'vsi,hinensi,nenh,[H_alt=drop],apl,r_stem,a_present,True,False,False,kanenheha,tsineneha,kanenheho'i,unenhelv'i,hine'vsi,unenhehti
889,919,he/she is giving him/her some liquid,Eventful,imperative,hine'vsi,hinensi,nenh,[H_alt=drop],apl,r_stem,a_present,True,False,True,kanenheha,tsineneha,kanenheho'i,unenhelv'i,hine'vsi,unenhehti
908,938,he/she is handling it (refers to a long object),StativeNoImp,perfective,uwanitolv'i,kanitohv'i,nito,[H_alt=none],stative-h,r_stem,a_present,True,False,True,kanitoha,tsinitoha,kanitoho'i,uwanitolv'i,hinita,uwanitasti
908,938,he/she is handling it (refers to a long object),StativeNoImp,perfective,uwanitolv'i,kanitohv'i,nito,[H_alt=none],stative-h,r_stem,a_present,True,False,False,kanitoha,tsinitoha,kanitoho'i,uwanitolv'i,hinita,uwanitasti
908,938,he/she is handling it (refers to a long object),StativeNoImp,perfective,uwanitolv'i,kanitohv'i,nitoh,[H_alt=none],stative,r_stem,a_present,True,False,True,kanitoha,tsinitoha,kanitoho'i,uwanitolv'i,hinita,uwanitasti
908,938,he/she is handling it (refers to a long object),StativeNoImp,perfective,uwanitolv'i,kanitohv'i,nitoh,[H_alt=none],stative,r_stem,a_present,True,False,False,kanitoha,tsinitoha,kanitoho'i,uwanitolv'i,hinita,uwanitasti
916,946,he/she is catching him/her,Eventful,present,ka'niyiha,kaniyiha,niy,[H_alt=none],ih-vh,r_stem,a_present,True,False,True,ka'niyiha,tsiniyiha,kaniyisko'i,uniyvhv'i,hiniya,uniyhti
916,946,he/she is catching him/her,Eventful,present,ka'niyiha,kaniyiha,niy,[H_alt=none],ih-vh,r_stem,a_present,True,False,False,ka'niyiha,tsiniyiha,kaniyisko'i,uniyvhv'i,hiniya,uniyhti
920,950,he/she is flying,StativeNoImp,imperfective,kanohiliso'i,kanohilo'i,nohil,[H_alt=glot],stative,r_stem,i_present,True,False,True,kanohili,tsino'ili,kanohiliso'i,,hinohilisesti,
920,950,he/she is flying,StativeNoImp,imperfective,kanohiliso'i,kanohilo'i,nohil,[H_alt=glot],stative,r_stem,i_present,True,False,False,kanohili,tsino'ili,kanohiliso'i,,hinohilisesti,
922,952,he/she is causing it to sound,Eventful,present_1sg,tsinoyvlistiha,tsinoyhvlhistiha,noyhvlhist,[H_alt=none],cause,r_stem,a_present,True,False,False,kanoyhvlhistiha,tsinoyvlistiha,kanoyhvlhistisko'i,unoyhvlhisthanv'i,hinoyhvlhista,unoyhvlhistohti
922,952,he/she is causing it to sound,Eventful,present_1sg,tsinoyvlistiha,tsinoyhvlhistiha,noyhvlhist,[H_alt=none],cause,r_stem,a_present,True,False,True,kanoyhvlhistiha,tsinoyvlistiha,kanoyhvlhistisko'i,unoyhvlhisthanv'i,hinoyhvlhista,unoyhvlhistohti
941,971,he/she is cleaning him/her,Eventful,present_1sg,tsinvkali'a,tsinvkaliha,nvkal,[H_alt=none],ih-vh,r_stem,a_present,True,False,False,kanvkaliha,tsinvkali'a,kanvkalisko'i,unvkalvhv'i,hinvkala,unvkalhti
941,971,he/she is cleaning him/her,Eventful,present_1sg,tsinvkali'a,tsinvkaliha,nvkal,[H_alt=none],ih-vh,r_stem,a_present,True,False,True,kanvkaliha,tsinvkali'a,kanvkalisko'i,unvkalvhv'i,hinvkala,unvkalhti
965,995,it’s dripping,Eventful,perfective,uwaskwolv'i,uwaskwo'ilv'i,askwo',[H_alt=none],ih-il,vowel_stem,a_present,True,False,False,kaskwo'iha,,kaskwo'iho'i,uwaskwolv'i,,uwaskwo'isti
965,995,it’s dripping,Eventful,perfective,uwaskwolv'i,uwaskwo'ilv'i,askwo',[H_alt=none],ih-il,vowel_stem,a_present,True,False,True,kaskwo'iha,,kaskwo'iho'i,uwaskwolv'i,,uwaskwo'isti
976,1006,he/she is hanging it up,Eventful,present_1sg,ka'tvska,tsiyathvska,at,[H_alt=none],hvsk-han,a_stem,a_present,True,False,True,kathvska,ka'tvska,kathvsko'i,uthanv'i,hathvka,uthti
976,1006,he/she is hanging it up,Eventful,present_1sg,ka'tvska,kathvska,at,[H_alt=none],hvsk-han,a_stem,a_present,True,False,False,kathvska,ka'tvska,kathvsko'i,uthanv'i,hathvka,uthti
986,1016,he/she is sewing it,StativeNoImp,perfective,uwayewhsv'i,kayewhskv'i,yewhs,[H_alt=vowel_i],stative-k,r_stem,a_present,True,False,True,kayewhska,tsiyewiska,kayewhsko'i,uwayewhsv'i,hiyewa,uwayewhsti
986,1016,he/she is sewing it,StativeNoImp,perfective,uwayewhsv'i,kayewhskv'i,yewhs,[H_alt=vowel_i],stative-k,r_stem,a_present,True,False,False,kayewhska,tsiyewiska,kayewhsko'i,uwayewhsv'i,hiyewa,uwayewhsti
986,1016,he/she is sewing it,StativeNoImp,perfective,uwayewhsv'i,kayewhskv'i,yewhsk,[H_alt=vowel_i],stative,r_stem,a_present,True,False,False,kayewhska,tsiyewiska,kayewhsko'i,uwayewhsv'i,hiyewa,uwayewhsti
986,1016,he/she is sewing it,StativeNoImp,perfective,uwayewhsv'i,kayewhskv'i,yewhsk,[H_alt=vowel_i],stative,r_stem,a_present,True,False,True,kayewhska,tsiyewiska,kayewhsko'i,uwayewhsv'i,hiyewa,uwayewhsti
992,1022,he/she is feeding him/her,StativeNoImp,perfective,uwelhalv'i,kelhohv'i,elho,[H_alt=drop],stative-h,vowel_stem,a_present,True,False,True,kelhoha,tsiyeloha,kelhoho'i,uwelhalv'i,hiyeloka,uwelhsti
992,1022,he/she is feeding him/her,StativeNoImp,perfective,uwelhalv'i,kelhohv'i,elhoh,[H_alt=drop],stative,vowel_stem,a_present,True,False,True,kelhoha,tsiyeloha,kelhoho'i,uwelhalv'i,hiyeloka,uwelhsti
1033,1064,he/she is smoking it,Eventful,imperative,hoki,hokha,okh,[H_alt=vowel_i],sk-s-a,vowel_stem,a_present,True,False,False,kokhska,kokiska,kokhsko'i,uwokhsv'i,hoki,uwokhsti
1033,1064,he/she is smoking it,Eventful,imperative,hoki,hokh,okh,[H_alt=vowel_i],sk-s-hst,vowel_stem,a_present,True,False,False,kokhska,kokiska,kokhsko'i,uwokhsv'i,hoki,uwokhsti
1033,1064,he/she is smoking it,Eventful,imperative,hoki,hokhla,okh,[H_alt=vowel_i],sk-s-la,vowel_stem,a_present,True,False,False,kokhska,kokiska,kokhsko'i,uwokhsv'i,hoki,uwokhsti
1070,1101,he/she is hitting him/her,Eventful,infinitive,uwanhsti,uwansti,vn,[H_alt=drop],hih-hil,v_stem,a_present,True,False,True,kvnhiha,tsiyvniha,kvnhiho'i,uwanhilv'i,hiyvnika,uwanhsti
1070,1101,he/she is hitting him/her,Eventful,infinitive,uwanhsti,uwanhisti,vnh,[H_alt=drop],ih-il,v_stem,a_present,True,False,True,kvnhiha,tsiyvniha,kvnhiho'i,uwanhilv'i,hiyvnika,uwanhsti
1082,1113,it’s becoming done (refers to by cooking),StativeNoImp,perfective,uwanhsv'i,kvnhskv'i,vnhs,[H_alt=none],stative-k,v_stem,a_present,True,False,False,kvnhska,,kvnhsko'i,uwanhsv'i,hvnhi,uwanhisti
1082,1113,it’s becoming done (refers to by cooking),StativeNoImp,perfective,uwanhsv'i,kvnhskv'i,vnhs,[H_alt=none],stative-k,v_stem,a_present,True,False,True,kvnhska,,kvnhsko'i,uwanhsv'i,hvnhi,uwanhisti
1082,1113,it’s becoming done (refers to by cooking),StativeNoImp,perfective,uwanhsv'i,kvnhskv'i,vnhs,[H_alt=none],stative-k,vowel_stem,a_present,True,False,True,kvnhska,,kvnhsko'i,uwanhsv'i,hvnhi,uwanhisti
1082,1113,it’s becoming done (refers to by cooking),StativeNoImp,perfective,uwanhsv'i,kvnhskv'i,vnhs,[H_alt=none],stative-k,vowel_stem,a_present,True,False,False,kvnhska,,kvnhsko'i,uwanhsv'i,hvnhi,uwanhisti
1082,1113,it’s becoming done (refers to by cooking),StativeNoImp,perfective,uwanhsv'i,kvnhskv'i,vnhsk,[H_alt=none],stative,v_stem,a_present,True,False,True,kvnhska,,kvnhsko'i,uwanhsv'i,hvnhi,uwanhisti
1082,1113,it’s becoming done (refers to by cooking),StativeNoImp,perfective,uwanhsv'i,kvnhskv'i,vnhsk,[H_alt=none],stative,v_stem,a_present,True,False,False,kvnhska,,kvnhsko'i,uwanhsv'i,hvnhi,uwanhisti
1082,1113,it’s becoming done (refers to by cooking),StativeNoImp,perfective,uwanhsv'i,kvnhskv'i,vnhsk,[H_alt=none],stative,vowel_stem,a_present,True,False,False,kvnhska,,kvnhsko'i,uwanhsv'i,hvnhi,uwanhisti
1082,1113,it’s becoming done (refers to by cooking),StativeNoImp,perfective,uwanhsv'i,kvnhskv'i,vnhsk,[H_alt=none],stative,vowel_stem,a_present,True,False,True,kvnhska,,kvnhsko'i,uwanhsv'i,hvnhi,uwanhisti
1481,1547,he/she is getting well,StativeNoImp,perfective,utiwhsv'i,uatiwhskv'i; utiwhskv'i,atiwhs,[H_alt=none],stative-k,a_stem,a_present,False,False,False,utiwhska,akwatiwhska,utiwhsko'i,utiwhsv'i,tsatiwhi,utiwhisti
1481,1547,he/she is getting well,StativeNoImp,perfective,utiwhsv'i,uatiwhskv'i; utiwhskv'i,atiwhsk,[H_alt=none],stative,a_stem,a_present,False,False,False,utiwhska,akwatiwhska,utiwhsko'i,utiwhsv'i,tsatiwhi,utiwhisti
1484,1550,he/she has time,Eventful,imperative,tsatlanvtatisi,tsatlanvta'si,atlanvta't,[H_alt=none],apl,a_stem,a_present,False,False,False,utlanvta'teha,akwatlanvta'teha,utlanvta'teho'i,utlanvta'telv'i,tsatlanvtatisi,utlanvta'tehti
1493,1559,he/she is sick,StativeNoImp,present_1sg,akhtlvka,tsiyatlvka,atlv,[H_alt=none],stative-k,a_stem,a_present,False,False,True,utlvka,akhtlvka,utlvko'i,utlvkv'i,tstlvki,utlv'isti
1493,1559,he/she is sick,StativeNoImp,present_1sg,akhtlvka,akwatlvka,atlv,[H_alt=none],stative-k,a_stem,a_present,False,False,False,utlvka,akhtlvka,utlvko'i,utlvkv'i,tstlvki,utlv'isti
1493,1559,he/she is sick,StativeNoImp,present_1sg,akhtlvka,akwatlvka,atlvk,[H_alt=none],stative,a_stem,a_present,False,False,False,utlvka,akhtlvka,utlvko'i,utlvkv'i,tstlvki,utlv'isti
1493,1559,he/she is sick,StativeNoImp,present_1sg,akhtlvka,tsiyatlvka,atlvk,[H_alt=none],stative,a_stem,a_present,False,False,True,utlvka,akhtlvka,utlvko'i,utlvkv'i,tstlvki,utlv'isti
1493,1559,he/she is sick,StativeNoImp,present_1sg,akhtlvka,tsitlvka,tlv,[H_alt=none],stative-k,cons_stem,a_present,False,False,True,utlvka,akhtlvka,utlvko'i,utlvkv'i,tstlvki,utlv'isti
1493,1559,he/she is sick,StativeNoImp,present_1sg,akhtlvka,akitlvka,tlv,[H_alt=none],stative-k,cons_stem,a_present,False,False,False,utlvka,akhtlvka,utlvko'i,utlvkv'i,tstlvki,utlv'isti
1493,1559,he/she is sick,StativeNoImp,present_1sg,akhtlvka,akitlvka,tlvk,[H_alt=none],stative,cons_stem,a_present,False,False,False,utlvka,akhtlvka,utlvko'i,utlvkv'i,tstlvki,utlv'isti
1493,1559,he/she is sick,StativeNoImp,present_1sg,akhtlvka,tsitlvka,tlvk,[H_alt=none],stative,cons_stem,a_present,False,False,True,utlvka,akhtlvka,utlvko'i,utlvkv'i,tstlvki,utlv'isti
1516,1582,he/she is possessive of him/her,StativeFutProg,present_1sg,tsikeyu'a,tsikeyuha,keyu,[H_alt=none],stative-s,cons_stem,a_present,False,False,True,ukeyuha,tsikeyu'a,ukeyuso'i,ukeyusv'i,hikeyusesti,ukeyhti
1531,1597,he/she is yawning,Eventful,present_1sg,akhalhokeha,akwahalhokeha,ahalhok,[H_alt=none],apl-active,a_stem,a_present,False,False,False,uhalhokeha,akhalhokeha,uhalhokesko'i,uhalhokehv'i,tsahalhokvla,uhalhokehti
1531,1597,he/she is yawning,Eventful,present_1sg,akhalhokeha,tsiyahalhokeha,ahalhok,[H_alt=none],apl-active,a_stem,a_present,False,False,True,uhalhokeha,akhalhokeha,uhalhokesko'i,uhalhokehv'i,tsahalhokvla,uhalhokehti
1531,1597,he/she is yawning,Eventful,present_1sg,akhalhokeha,tsihalhokeha,halhok,[H_alt=none],apl-active,cons_stem,a_present,False,False,True,uhalhokeha,akhalhokeha,uhalhokesko'i,uhalhokehv'i,tsahalhokvla,uhalhokehti
1531,1597,he/she is yawning,Eventful,present_1sg,akhalhokeha,akihalhokeha,halhok,[H_alt=none],apl-active,cons_stem,a_present,False,False,False,uhalhokeha,akhalhokeha,uhalhokesko'i,uhalhokehv'i,tsahalhokvla,uhalhokehti
1545,1611,he/she is angry,StativeNoImp,present_1sg,akhinalvha,tsiyanhalvha,anhalv,[H_alt=none],stative-s,a_stem,a_present,False,False,True,unhalvha,akhinalvha,unhalvso'i,unhalvsv'i,tshanalvsesti,
1545,1611,he/she is angry,StativeNoImp,present_1sg,akhinalvha,akwanhalvha,anhalv,[H_alt=none],stative-s,a_stem,a_present,False,False,False,unhalvha,akhinalvha,unhalvso'i,unhalvsv'i,tshanalvsesti,
1545,1611,he/she is angry,StativeNoImp,present_1sg,akhinalvha,tsinhalvha,nhalv,[H_alt=none],stative-s,cons_stem,a_present,False,False,True,unhalvha,akhinalvha,unhalvso'i,unhalvsv'i,tshanalvsesti,
1545,1611,he/she is angry,StativeNoImp,present_1sg,akhinalvha,akinhalvha,nhalv,[H_alt=none],stative-s,cons_stem,a_present,False,False,False,unhalvha,akhinalvha,unhalvso'i,unhalvsv'i,tshanalvsesti,
1545,1611,he/she is angry,StativeNoImp,present_1sg,akhinalvha,akinhalvha,nhalv,[H_alt=none],stative-s,r_stem,a_present,False,False,False,unhalvha,akhinalvha,unhalvso'i,unhalvsv'i,tshanalvsesti,
1545,1611,he/she is angry,StativeNoImp,present_1sg,akhinalvha,tsinhalvha,nhalv,[H_alt=none],stative-s,r_stem,a_present,False,False,True,unhalvha,akhinalvha,unhalvso'i,unhalvsv'i,tshanalvsesti,
1563,1629,he/she is looking for it,Eventful,infinitive,uyhsti,uysti,y,[H_alt=none],oh-al,cons_stem,a_present,False,False,False,uyhoha,akiyhoha,uyhoho'i,uyhalv'i,tsayhka,uyhsti
1563,1629,he/she is looking for it,Eventful,infinitive,uyhsti,uysti,y,[H_alt=none],oh-al,r_stem,a_present,False,False,False,uyhoha,akiyhoha,uyhoho'i,uyhalv'i,tsayhka,uyhsti
1564,1630,he/she is afloat,StativeNoImp,present_1sg,akhiyoluha,akwayholuha,ayholu,[H_alt=none],stative-s,a_stem,a_present,False,False,False,uyholuha,akhiyoluha,uyholuso'i,uyholusv'i,hiyholuhvka,uyholuhti
1564,1630,he/she is afloat,StativeNoImp,present_1sg,akhiyoluha,tsiyayholuha,ayholu,[H_alt=none],stative-s,a_stem,a_present,False,False,True,uyholuha,akhiyoluha,uyholuso'i,uyholusv'i,hiyholuhvka,uyholuhti
1564,1630,he/she is afloat,StativeNoImp,present_1sg,akhiyoluha,tsiyholuha,yholu,[H_alt=none],stative-s,cons_stem,a_present,False,False,True,uyholuha,akhiyoluha,uyholuso'i,uyholusv'i,hiyholuhvka,uyholuhti
1564,1630,he/she is afloat,StativeNoImp,present_1sg,akhiyoluha,akiyholuha,yholu,[H_alt=none],stative-s,cons_stem,a_present,False,False,False,uyholuha,akhiyoluha,uyholuso'i,uyholusv'i,hiyholuhvka,uyholuhti
1564,1630,he/she is afloat,StativeNoImp,present_1sg,akhiyoluha,akiyholuha,yholu,[H_alt=none],stative-s,r_stem,a_present,False,False,False,uyholuha,akhiyoluha,uyholuso'i,uyholusv'i,hiyholuhvka,uyholuhti
1564,1630,he/she is afloat,StativeNoImp,present_1sg,akhiyoluha,tsiyholuha,yholu,[H_alt=none],stative-s,r_stem,a_present,False,False,True,uyholuha,akhiyoluha,uyholuso'i,uyholusv'i,hiyholuhvka,uyholuhti
1649,1715,it is making a sound,StativeNoImp,perfective,unoyhvlhsv'i,unoyhvhkv'i,noyhvh,[H_alt=none],stative-k,cons_stem,a_present,False,False,False,unoyhvhka,akinoyhvhka,unoyhvhko'i,unoyhvlhsv'i,tsanoyhvla,unoyhvlhisti
1649,1715,it is making a sound,StativeNoImp,perfective,unoyhvlhsv'i,unoyhvhkv'i,noyhvh,[H_alt=none],stative-k,r_stem,a_present,False,False,False,unoyhvhka,akinoyhvhka,unoyhvhko'i,unoyhvlhsv'i,tsanoyhvla,unoyhvlhisti
1649,1715,it is making a sound,StativeNoImp,perfective,unoyhvlhsv'i,unoyhvhkv'i,noyhvhk,[H_alt=none],stative,cons_stem,a_present,False,False,False,unoyhvhka,akinoyhvhka,unoyhvhko'i,unoyhvlhsv'i,tsanoyhvla,unoyhvlhisti
1649,1715,it is making a sound,StativeNoImp,perfective,unoyhvlhsv'i,unoyhvhkv'i,noyhvhk,[H_alt=none],stative,r_stem,a_present,False,False,False,unoyhvhka,akinoyhvhka,unoyhvhko'i,unoyhvlhsv'i,tsanoyhvla,unoyhvlhisti
1698,1764,he/she is forgetting it,StativeNoImp,perfective,uwakhewhsv'i,uwakhewhskv'i,vkhewhs,[H_alt=none],stative-k,v_stem,a_present,False,False,False,uwakhewhska,akwvkhewhska,uwakhewhsko'i,uwakhewhsv'i,witsvkhewa,uwakhewhisti
1698,1764,he/she is forgetting it,StativeNoImp,perfective,uwakhewhsv'i,uwakhewhskv'i,vkhewhsk,[H_alt=none],stative,v_stem,a_present,False,False,False,uwakhewhska,akwvkhewhska,uwakhewhsko'i,uwakhewhsv'i,witsvkhewa,uwakhewhisti
1699,1765,he/she is belching,Eventful,present_1sg,akikhuleka,tsiyakhuleka,akhule,[H_alt=none],become,vowel_stem,a_present,False,False,True,uwakhuleka,akikhuleka,uwakhuleko'i,uwakhuletsv'i,tsakhuleki,uwakhule'isti
1699,1765,he/she is belching,Eventful,present_1sg,akikhuleka,akwakhuleka,akhule,[H_alt=none],become,vowel_stem,a_present,False,False,False,uwakhuleka,akikhuleka,uwakhuleko'i,uwakhuletsv'i,tsakhuleki,uwakhule'isti
1700,1766,he/she is shivering,Eventful,present_1sg,akinawi'a,tsiyanawi'a,anaw,[H_alt=none],i-a-i,vowel_stem,a_present,False,False,True,uwanawi'a,akinawi'a,uwanawisko'i,uwanawv'i,tsanawa,uwanawisti
1700,1766,he/she is shivering,Eventful,present_1sg,akinawi'a,akwanawi'a,anaw,[H_alt=none],i-a-i,vowel_stem,a_present,False,False,False,uwanawi'a,akinawi'a,uwanawisko'i,uwanawv'i,tsanawa,uwanawisti
1708,1774,he/she smells it,Eventful,present_1sg,akiwhsvka,akwawhsvka,awhsv,[H_alt=none],become,vowel_stem,a_present,False,False,False,uwawhsvka,akiwhsvka,uwawhsvko'i,uwawhsvtsv'i,tsawhsvki,uwawhsvsti
1708,1774,he/she smells it,Eventful,present_1sg,akiwhsvka,tsiyawhsvka,awhsv,[H_alt=none],become,vowel_stem,a_present,False,False,True,uwawhsvka,akiwhsvka,uwawhsvko'i,uwawhsvtsv'i,tsawhsvki,uwawhsvsti
1711,1777,he/she is yelling,StativeNoImp,perfective,uwelhunhv'i,uwelhuhkv'i,elhuh,[H_alt=none],stative-k,e_stem,a_present,False,False,False,uwelhuhka,akwelhuhka,uwelhuhko'i,uwelhunhv'i,helhuhvka,uwelhuhvsti
1711,1777,he/she is yelling,StativeNoImp,perfective,uwelhunhv'i,uwelhuhkv'i,elhuh,[H_alt=none],stative-k,vowel_stem,a_present,False,False,False,uwelhuhka,akwelhuhka,uwelhuhko'i,uwelhunhv'i,helhuhvka,uwelhuhvsti
1711,1777,he/she is yelling,StativeNoImp,perfective,uwelhunhv'i,uwelhuhkv'i,elhuhk,[H_alt=none],stative,e_stem,a_present,False,False,False,uwelhuhka,akwelhuhka,uwelhuhko'i,uwelhunhv'i,helhuhvka,uwelhuhvsti
1711,1777,he/she is yelling,StativeNoImp,perfective,uwelhunhv'i,uwelhuhkv'i,elhuhk,[H_alt=none],stative,vowel_stem,a_present,False,False,False,uwelhuhka,akwelhuhka,uwelhuhko'i,uwelhunhv'i,helhuhvka,uwelhuhvsti
1719,1785,he/she has it,StativeFutProg,present_1sg,akikhaha,tsiyekhaha,ekha,[H_alt=none],stative-h,e_stem,a_present,False,False,True,uwekhaha,akikhaha,uwekhaho'i,uwekhahv'i,tsekhahesti,
1719,1785,he/she has it,StativeFutProg,present_1sg,akikhaha,akwekhaha,ekha,[H_alt=none],stative-h,e_stem,a_present,False,False,False,uwekhaha,akikhaha,uwekhaho'i,uwekhahv'i,tsekhahesti,
1719,1785,he/she has it,StativeFutProg,present_1sg,akikhaha,akwekhaha,ekha,[H_alt=none],stative-h,vowel_stem,a_present,False,False,False,uwekhaha,akikhaha,uwekhaho'i,uwekhahv'i,tsekhahesti,
1719,1785,he/she has it,StativeFutProg,present_1sg,akikhaha,tsiyekhaha,ekha,[H_alt=none],stative-h,vowel_stem,a_present,False,False,True,uwekhaha,akikhaha,uwekhaho'i,uwekhahv'i,tsekhahesti,
1719,1785,he/she has it,StativeFutProg,present_1sg,akikhaha,tsiyekhaha,ekhah,[H_alt=none],stative,e_stem,a_present,False,False,True,uwekhaha,akikhaha,uwekhaho'i,uwekhahv'i,tsekhahesti,
1719,1785,he/she has it,StativeFutProg,present_1sg,akikhaha,akwekhaha,ekhah,[H_alt=none],stative,e_stem,a_present,False,False,False,uwekhaha,akikhaha,uwekhaho'i,uwekhahv'i,tsekhahesti,
1719,1785,he/she has it,StativeFutProg,present_1sg,akikhaha,akwekhaha,ekhah,[H_alt=none],stative,vowel_stem,a_present,False,False,False,uwekhaha,akikhaha,uwekhaho'i,uwekhahv'i,tsekhahesti,
1719,1785,he/she has it,StativeFutProg,present_1sg,akikhaha,tsiyekhaha,ekhah,[H_alt=none],stative,vowel_stem,a_present,False,False,True,uwekhaha,akikhaha,uwekhaho'i,uwekhahv'i,tsekhahesti,
1739,1805,he/she is laughing,Eventful,imperative,tsayetsa,tsayeta,yet,[H_alt=none],sk-s-a,cons_stem,a_present,False,False,False,uyetska,akiyetska,uyetsko'i,uyetsv'i,tsayetsa,uyetsti
1739,1805,he/she is laughing,Eventful,imperative,tsayetsa,tsayeta,yet,[H_alt=none],sk-s-a,r_stem,a_present,False,False,False,uyetska,akiyetska,uyetsko'i,uyetsv'i,tsayetsa,uyetsti
1739,1805,he/she is laughing,Eventful,imperative,tsayetsa,tsayet,yet,[H_alt=none],sk-s-hst,cons_stem,a_present,False,False,False,uyetska,akiyetska,uyetsko'i,uyetsv'i,tsayetsa,uyetsti
1739,1805,he/she is laughing,Eventful,imperative,tsayetsa,tsayet,yet,[H_alt=none],sk-s-hst,r_stem,a_present,False,False,False,uyetska,akiyetska,uyetsko'i,uyetsv'i,tsayetsa,uyetsti
1739,1805,he/she is laughing,Eventful,imperative,tsayetsa,tsayetla,yet,[H_alt=none],sk-s-la,cons_stem,a_present,False,False,False,uyetska,akiyetska,uyetsko'i,uyetsv'i,tsayetsa,uyetsti
1739,1805,he/she is laughing,Eventful,imperative,tsayetsa,tsayetla,yet,[H_alt=none],sk-s-la,r_stem,a_present,False,False,False,uyetska,akiyetska,uyetsko'i,uyetsv'i,tsayetsa,uyetsti
1740,1806,he/she is itching,Eventful,perfective,uyoteskv'i,uyota'v'i,yot,[H_alt=none],e-aka,cons_stem,a_present,False,False,False,uyote'a,akiyote'a,uyotesko'i,uyoteskv'i,tsayotaka,uyotesti
1740,1806,he/she is itching,Eventful,perfective,uyoteskv'i,uyota'v'i,yot,[H_alt=none],e-aka,r_stem,a_present,False,False,False,uyote'a,akiyote'a,uyotesko'i,uyoteskv'i,tsayotaka,uyotesti
1761,1830,he/she is sending it,StativeNoImp,perfective,wunhv'i,wahvskv'i,hvs,[H_alt=glot],stative-k,cons_stem,a_present,True,False,False,wahvska,witsi'vska,wahvsko'i,wunhv'i,whihvka,wuhti
1761,1830,he/she is sending it,StativeNoImp,perfective,wunhv'i,wahvskv'i,hvs,[H_alt=glot],stative-k,cons_stem,a_present,True,False,True,wahvska,witsi'vska,wahvsko'i,wunhv'i,whihvka,wuhti
1761,1830,he/she is sending it,StativeNoImp,perfective,wunhv'i,wahvskv'i,hvsk,[H_alt=glot],stative,cons_stem,a_present,True,False,True,wahvska,witsi'vska,wahvsko'i,wunhv'i,whihvka,wuhti
1761,1830,he/she is sending it,StativeNoImp,perfective,wunhv'i,wahvskv'i,hvsk,[H_alt=glot],stative,cons_stem,a_present,True,False,False,wahvska,witsi'vska,wahvsko'i,wunhv'i,whihvka,wuhti
